Município	Sint sinais e achad anorm,exc morte súbita infânci	Doenças do aparelho circulatório, mal definidas	Doenças do aparelho respiratório, mal definidas	Afecções originad período perinatal, mal definidas	Total
TOTAL	6.772	37	529	3.079	10.417
110002 ARIQUEMES	5	-	-	2	7
110004 CACOAL	-	-	-	4	4
110006 COLORADO DO OESTE	1	-	-	-	1
110008 COSTA MARQUES	-	-	-	1	1
110009 ESPIGAO D'OESTE	2	1	1	2	6
110010 GUAJARA-MIRIM	8	-	-	-	8
110011 JARU	6	-	-	-	6
110012 JI-PARANA	1	-	-	4	5
110015 OURO PRETO DO OESTE	3	-	-	1	4
110018 PIMENTA BUENO	1	-	-	-	1
110020 PORTO VELHO	26	-	2	2	30
110025 PRESIDENTE MEDICI	2	-	-	-	2
110028 ROLIM DE MOURA	6	-	-	1	7
110030 VILHENA	2	-	-	1	3
110032 SAO MIGUEL DO GUAPORE	-	-	-	2	2
110033 NOVA MAMORE	3	-	1	-	4
110034 ALVORADA D'OESTE	1	-	-	-	1
110037 ALTO ALEGRE DOS PARECIS	1	-	-	-	1
110040 ALTO PARAISO	1	-	-	-	1
110045 BURITIS	-	-	-	1	1
110080 CANDEIAS DO JAMARI	1	-	-	-	1
110094 CUJUBIM	1	-	-	-	1
110120 MINISTRO ANDREAZZA	2	-	-	-	2
110145 PARECIS	1	-	-	-	1
110175 VALE DO ANARI	1	-	-	-	1
120001 ACRELANDIA	-	-	-	1	1
120005 ASSIS BRASIL	3	-	1	-	4
120010 BRASILEIA	4	-	-	5	9
120020 CRUZEIRO DO SUL	2	-	-	1	3
120025 EPITACIOLANDIA	1	-	-	-	1
120030 FEIJO	14	-	-	-	14
120032 JORDAO	1	-	-	1	2
120033 MANCIO LIMA	2	-	-	-	2
120034 MANOEL URBANO	1	-	-	1	2
120035 MARECHAL THAUMATURGO	2	1	2	1	6
120038 PLACIDO DE CASTRO	3	-	-	-	3
120039 PORTO WALTER	1	-	-	-	1
120040 RIO BRANCO	21	-	4	27	52
120042 RODRIGUES ALVES	2	-	-	-	2
120043 SANTA ROSA DO PURUS	2	-	-	1	3
120050 SENA MADUREIRA	2	-	-	-	2
120060 TARAUACA	7	-	2	6	15
130002 ALVARAES	5	-	-	1	6
130006 AMATURA	2	-	-	1	3
130008 ANAMA	2	-	-	-	2
130010 ANORI	1	-	-	-	1
130014 APUI	-	-	-	1	1
130020 ATALAIA DO NORTE	1	-	2	1	4
130030 AUTAZES	9	-	-	2	11
130040 BARCELOS	10	-	-	1	11
130050 BARREIRINHA	8	-	2	-	10
130060 BENJAMIN CONSTANT	6	-	1	1	8
130063 BERURI	3	-	-	-	3
130068 BOA VISTA DO RAMOS	-	-	-	2	2
130070 BOCA DO ACRE	4	-	-	2	6
130080 BORBA	2	-	-	2	4
130090 CANUTAMA	-	-	1	2	3
130100 CARAUARI	8	-	-	1	9
130110 CAREIRO	4	-	-	-	4
130120 COARI	1	-	1	1	3
130130 CODAJAS	3	-	1	1	5
130140 EIRUNEPE	8	-	-	1	9
130150 ENVIRA	-	-	-	2	2
130165 GUAJARA	3	-	-	-	3
130170 HUMAITA	7	-	-	-	7
130180 IPIXUNA	19	-	-	6	25
130185 IRANDUBA	4	-	-	-	4
130190 ITACOATIARA	12	-	-	3	15
130195 ITAMARATI	5	-	-	-	5
130210 JAPURA	3	-	-	-	3
130220 JURUA	1	-	-	-	1
130230 JUTAI	15	-	-	4	19
130240 LABREA	7	-	-	3	10
130250 MANACAPURU	6	-	-	6	12
130255 MANAQUIRI	3	-	-	-	3
130260 MANAUS	139	-	4	6	149
130270 MANICORE	14	-	-	7	21
130280 MARAA	2	-	-	1	3
130290 MAUES	22	-	1	3	26
130310 NOVA OLINDA DO NORTE	3	-	-	-	3
130320 NOVO AIRAO	2	-	-	-	2
130330 NOVO ARIPUANA	3	-	-	3	6
130340 PARINTINS	-	-	1	15	16
130353 PRESIDENTE FIGUEIREDO	2	-	1	-	3
130356 RIO PRETO DA EVA	3	-	-	-	3
130360 SANTA ISABEL DO RIO NEGRO	3	-	-	3	6
130370 SANTO ANTONIO DO ICA	5	-	1	4	10
130380 SAO GABRIEL DA CACHOEIRA	17	1	1	6	25
130390 SAO PAULO DE OLIVENCA	12	-	2	3	17
130395 SAO SEBASTIAO DO UATUMA	-	-	-	1	1
130400 SILVES	1	-	-	-	1
130406 TABATINGA	23	-	-	3	26
130410 TAPAUA	19	-	-	-	19
130420 TEFE	3	-	4	3	10
130423 TONANTINS	4	-	-	4	8
130426 UARINI	-	-	-	1	1
130430 URUCARA	1	-	-	1	2
130440 URUCURITUBA	1	-	-	1	2
140002 AMAJARI	6	-	-	1	7
140005 ALTO ALEGRE	10	-	-	2	12
140010 BOA VISTA	17	-	5	7	29
140015 BONFIM	3	-	-	-	3
140017 CANTA	2	-	-	-	2
140020 CARACARAI	1	-	-	-	1
140028 IRACEMA	1	-	1	1	3
140030 MUCAJAI	2	-	-	-	2
140040 NORMANDIA	1	-	-	-	1
140047 RORAINOPOLIS	1	-	-	2	3
140050 SAO JOAO DA BALIZA	1	-	-	-	1
140070 UIRAMUTA	8	-	1	-	9
150010 ABAETETUBA	14	-	-	-	14
150013 ABEL FIGUEIREDO	1	-	-	1	2
150020 ACARA	1	1	-	2	4
150030 AFUA	4	-	-	1	5
150034 AGUA AZUL DO NORTE	1	-	1	1	3
150040 ALENQUER	4	-	2	15	21
150050 ALMEIRIM	-	-	-	2	2
150060 ALTAMIRA	22	-	1	5	28
150070 ANAJAS	4	-	-	9	13
150080 ANANINDEUA	13	-	2	6	21
150085 ANAPU	4	-	-	2	6
150090 AUGUSTO CORREA	2	-	-	1	3
150095 AURORA DO PARA	2	-	-	-	2
150100 AVEIRO	6	-	-	-	6
150110 BAGRE	-	-	-	1	1
150120 BAIAO	4	-	-	4	8
150125 BANNACH	-	-	-	1	1
150130 BARCARENA	8	-	-	2	10
150140 BELEM	45	-	10	16	71
150145 BELTERRA	-	-	-	2	2
150150 BENEVIDES	1	-	-	-	1
150170 BRAGANCA	13	-	-	8	21
150172 BRASIL NOVO	-	-	-	1	1
150178 BREU BRANCO	1	-	-	-	1
150180 BREVES	13	-	6	12	31
150190 BUJARU	1	-	-	-	1
150200 CACHOEIRA DO ARARI	1	-	1	1	3
150210 CAMETA	1	-	2	4	7
150215 CANAA DOS CARAJAS	2	-	2	3	7
150220 CAPANEMA	4	-	-	24	28
150230 CAPITAO POCO	1	-	-	1	2
150240 CASTANHAL	5	-	1	9	15
150250 CHAVES	1	-	-	-	1
150270 CONCEICAO DO ARAGUAIA	8	-	-	2	10
150275 CONCORDIA DO PARA	2	-	1	1	4
150276 CUMARU DO NORTE	2	-	-	-	2
150277 CURIONOPOLIS	1	-	-	-	1
150280 CURRALINHO	4	-	-	5	9
150285 CURUA	4	-	-	-	4
150290 CURUCA	2	-	-	-	2
150293 DOM ELISEU	-	-	1	1	2
150295 ELDORADO DOS CARAJAS	6	-	1	3	10
150300 FARO	-	-	-	1	1
150304 FLORESTA DO ARAGUAIA	-	-	-	2	2
150307 GARRAFAO DO NORTE	1	-	-	1	2
150309 GOIANESIA DO PARA	3	-	1	-	4
150310 GURUPA	1	-	-	1	2
150330 IGARAPE-MIRI	4	-	1	3	8
150345 IPIXUNA DO PARA	7	-	-	-	7
150350 IRITUIA	-	-	-	1	1
150360 ITAITUBA	7	-	2	24	33
150370 ITUPIRANGA	5	-	-	4	9
150375 JACAREACANGA	14	-	1	14	29
150380 JACUNDA	2	-	-	2	4
150390 JURUTI	2	-	-	6	8
150400 LIMOEIRO DO AJURU	1	-	-	1	2
150405 MAE DO RIO	4	-	1	2	7
150420 MARABA	31	-	2	7	40
150430 MARACANA	1	-	-	-	1
150440 MARAPANIM	2	-	-	-	2
150442 MARITUBA	4	1	-	-	5
150445 MEDICILANDIA	-	-	-	2	2
150450 MELGACO	4	-	-	1	5
150460 MOCAJUBA	2	-	1	13	16
150470 MOJU	5	-	-	1	6
150475 MOJUI DOS CAMPOS	2	-	-	-	2
150480 MONTE ALEGRE	5	-	-	-	5
150490 MUANA	-	-	-	2	2
150495 NOVA ESPERANCA DO PIRIA	3	-	-	-	3
150497 NOVA IPIXUNA	2	-	-	-	2
150500 NOVA TIMBOTEUA	1	-	-	-	1
150503 NOVO PROGRESSO	8	-	-	1	9
150506 NOVO REPARTIMENTO	1	-	-	1	2
150510 OBIDOS	3	-	-	5	8
150520 OEIRAS DO PARA	-	1	-	5	6
150530 ORIXIMINA	5	-	-	1	6
150540 OUREM	2	-	-	1	3
150543 OURILANDIA DO NORTE	1	-	1	9	11
150548 PACAJA	-	-	-	1	1
150549 PALESTINA DO PARA	2	-	-	-	2
150550 PARAGOMINAS	5	-	1	2	8
150553 PARAUAPEBAS	6	-	1	1	8
150555 PAU D'ARCO	3	-	-	-	3
150560 PEIXE-BOI	1	-	-	-	1
150563 PICARRA	2	-	-	-	2
150565 PLACAS	1	-	-	1	2
150580 PORTEL	13	-	1	14	28
150590 PORTO DE MOZ	3	-	1	7	11
150600 PRAINHA	3	-	-	1	4
150613 REDENCAO	13	-	3	8	24
150616 RIO MARIA	1	-	-	-	1
150618 RONDON DO PARA	2	-	-	2	4
150619 RUROPOLIS	2	-	-	1	3
150620 SALINOPOLIS	3	-	-	1	4
150630 SALVATERRA	1	-	-	1	2
150640 SANTA CRUZ DO ARARI	1	-	-	-	1
150650 SANTA IZABEL DO PARA	5	-	-	-	5
150655 SANTA LUZIA DO PARA	1	-	-	-	1
150658 SANTA MARIA DAS BARREIRAS	2	-	-	-	2
150660 SANTA MARIA DO PARA	1	-	-	-	1
150670 SANTANA DO ARAGUAIA	1	-	1	1	3
150680 SANTAREM	17	-	1	40	58
150690 SANTAREM NOVO	1	-	-	-	1
150700 SANTO ANTONIO DO TAUA	1	-	-	-	1
150710 SAO CAETANO DE ODIVELAS	1	-	-	-	1
150720 SAO DOMINGOS DO CAPIM	1	-	-	-	1
150730 SAO FELIX DO XINGU	15	-	2	6	23
150740 SAO FRANCISCO DO PARA	-	-	-	1	1
150745 SAO GERALDO DO ARAGUAIA	1	-	1	2	4
150747 SAO JOAO DE PIRABAS	2	-	-	-	2
150750 SAO JOAO DO ARAGUAIA	2	-	-	-	2
150760 SAO MIGUEL DO GUAMA	9	-	1	-	10
150770 SAO SEBASTIAO DA BOA VISTA	-	-	-	2	2
150780 SENADOR JOSE PORFIRIO	2	-	-	-	2
150790 SOURE	1	1	-	1	3
150795 TAILANDIA	9	-	1	-	10
150800 TOME-ACU	10	-	-	8	18
150803 TRACUATEUA	1	-	-	-	1
150805 TRAIRAO	1	-	-	-	1
150808 TUCUMA	3	-	-	21	24
150810 TUCURUI	6	2	-	-	8
150812 ULIANOPOLIS	1	1	-	1	3
150815 URUARA	3	-	-	3	6
150820 VIGIA	8	-	-	-	8
150830 VISEU	4	-	-	6	10
150835 VITORIA DO XINGU	1	-	-	-	1
150840 XINGUARA	4	-	-	3	7
160015 PEDRA BRANCA DO AMAPARI	1	-	-	1	2
160020 CALCOENE	2	-	-	2	4
160021 CUTIAS	2	-	-	1	3
160023 FERREIRA GOMES	1	-	-	-	1
160027 LARANJAL DO JARI	3	-	1	-	4
160030 MACAPA	42	-	3	18	63
160040 MAZAGAO	3	-	-	-	3
160050 OIAPOQUE	8	-	-	-	8
160053 PORTO GRANDE	1	-	1	-	2
160060 SANTANA	13	-	1	7	21
160070 TARTARUGALZINHO	2	-	-	1	3
160080 VITORIA DO JARI	1	-	-	-	1
170035 ALIANCA DO TOCANTINS	1	-	-	-	1
170190 ARAGUACEMA	-	-	-	1	1
170210 ARAGUAINA	4	-	-	1	5
170215 ARAGUANA	1	-	-	-	1
170220 ARAGUATINS	1	-	-	-	1
170230 ARAPOEMA	1	-	-	-	1
170240 ARRAIAS	-	-	1	-	1
170255 AUGUSTINOPOLIS	2	-	2	-	4
170307 BARRA DO OURO	1	-	-	1	2
170384 CAMPOS LINDOS	1	-	-	1	2
170390 CASEARA	2	-	-	-	2
170510 CHAPADA DA NATIVIDADE	1	-	-	-	1
170550 COLINAS DO TOCANTINS	1	-	-	-	1
170700 DIANOPOLIS	-	-	-	1	1
170770 FILADELFIA	-	-	-	1	1
170820 FORMOSO DO ARAGUAIA	-	-	-	1	1
170825 FORTALEZA DO TABOCAO	1	-	-	-	1
170900 GOIATINS	1	-	-	-	1
170930 GUARAI	1	-	-	-	1
170950 GURUPI	3	-	-	1	4
171050 ITACAJA	2	-	-	1	3
171090 ITAPIRATINS	1	-	-	-	1
171320 MIRACEMA DO TOCANTINS	1	-	-	-	1
171330 MIRANORTE	1	-	-	-	1
171515 NOVO ALEGRE	1	-	-	-	1
171620 PARANA	1	-	-	-	1
171650 PEDRO AFONSO	1	-	-	-	1
171750 PIUM	1	-	-	-	1
171780 PONTE ALTA DO BOM JESUS	1	-	-	-	1
171820 PORTO NACIONAL	-	-	1	-	1
171889 SANTA RITA DO TOCANTINS	1	-	-	-	1
172090 TAGUATINGA	-	1	1	1	3
172100 PALMAS	4	-	-	-	4
172110 TOCANTINIA	1	-	-	-	1
172120 TOCANTINOPOLIS	2	-	-	-	2
172210 XAMBIOA	1	-	-	-	1
210005 ACAILANDIA	2	-	-	1	3
210010 AFONSO CUNHA	2	-	-	-	2
210015 AGUA DOCE DO MARANHAO	2	-	-	-	2
210020 ALCANTARA	-	1	-	-	1
210030 ALDEIAS ALTAS	1	-	1	-	2
210043 ALTO ALEGRE DO MARANHAO	3	-	1	2	6
210047 ALTO ALEGRE DO PINDARE	3	-	1	-	4
210050 ALTO PARNAIBA	1	-	-	-	1
210060 AMARANTE DO MARANHAO	6	-	-	1	7
210070 ANAJATUBA	-	-	1	-	1
210083 APICUM-ACU	1	-	-	2	3
210087 ARAGUANA	2	-	-	-	2
210090 ARAIOSES	3	-	-	-	3
210095 ARAME	1	1	2	4	8
210100 ARARI	1	-	1	2	4
210120 BACABAL	7	-	4	9	20
210125 BACABEIRA	-	-	-	1	1
210140 BALSAS	9	-	1	1	11
210160 BARRA DO CORDA	5	-	1	1	7
210170 BARREIRINHAS	2	-	1	5	8
210200 BOM JARDIM	-	-	1	-	1
210203 BOM JESUS DAS SELVAS	2	-	-	1	3
210210 BREJO	1	-	-	-	1
210220 BURITI	-	-	1	2	3
210230 BURITI BRAVO	1	-	2	1	4
210232 BURITICUPU	5	-	1	4	10
210235 BURITIRANA	4	-	-	-	4
210237 CACHOEIRA GRANDE	1	-	-	-	1
210250 CAJARI	1	-	1	4	6
210255 CAMPESTRE DO MARANHAO	-	-	1	-	1
210260 CANDIDO MENDES	1	-	-	2	3
210275 CAPINZAL DO NORTE	1	-	-	-	1
210280 CAROLINA	2	-	1	-	3
210290 CARUTAPERA	2	-	1	6	9
210300 CAXIAS	3	-	3	15	21
210310 CEDRAL	-	-	-	1	1
210312 CENTRAL DO MARANHAO	1	-	-	-	1
210315 CENTRO DO GUILHERME	1	-	-	-	1
210317 CENTRO NOVO DO MARANHAO	1	-	-	-	1
210320 CHAPADINHA	1	-	-	10	11
210330 CODO	2	-	3	1	6
210340 COELHO NETO	2	-	1	-	3
210350 COLINAS	2	-	1	-	3
210360 COROATA	4	-	1	2	7
210370 CURURUPU	3	-	1	34	38
210390 DUQUE BACELAR	1	-	-	-	1
210400 ESPERANTINOPOLIS	1	-	1	1	3
210405 ESTREITO	2	-	-	1	3
210407 FEIRA NOVA DO MARANHAO	1	-	-	-	1
210408 FERNANDO FALCAO	1	-	-	1	2
210420 FORTUNA	1	-	-	-	1
210440 GONCALVES DIAS	-	-	-	4	4
210465 GOVERNADOR NEWTON BELLO	1	-	-	-	1
210467 GOVERNADOR NUNES FREIRE	3	1	1	6	11
210480 GRAJAU	24	-	-	6	30
210500 HUMBERTO DE CAMPOS	6	-	-	1	7
210510 ICATU	1	-	-	2	3
210515 IGARAPE DO MEIO	2	-	-	-	2
210530 IMPERATRIZ	15	-	4	18	37
210540 ITAPECURU MIRIM	2	-	-	5	7
210547 JENIPAPO DOS VIEIRAS	2	-	1	1	4
210550 JOAO LISBOA	3	-	-	-	3
210560 JOSELANDIA	1	-	-	1	2
210570 LAGO DA PEDRA	1	-	1	4	6
210580 LAGO DO JUNCO	-	-	-	1	1
210594 LAGO DOS RODRIGUES	1	-	-	-	1
210596 LAGOA GRANDE DO MARANHAO	2	-	-	-	2
210598 LAJEADO NOVO	-	-	1	-	1
210610 LORETO	-	-	-	2	2
210632 MARACACUME	1	-	-	-	1
210635 MARAJA DO SENA	2	-	1	-	3
210637 MARANHAOZINHO	1	-	-	-	1
210650 MATINHA	1	-	-	5	6
210660 MATOES	2	-	-	1	3
210663 MATOES DO NORTE	1	-	-	-	1
210667 MILAGRES DO MARANHAO	-	-	-	1	1
210670 MIRADOR	2	-	-	-	2
210675 MIRANDA DO NORTE	-	-	-	1	1
210680 MIRINZAL	-	-	1	2	3
210690 MONCAO	1	-	-	2	3
210700 MONTES ALTOS	1	-	1	-	2
210710 MORROS	1	-	-	4	5
210720 NINA RODRIGUES	1	-	1	-	2
210745 OLINDA NOVA DO MARANHAO	-	-	-	2	2
210750 PACO DO LUMIAR	1	-	-	-	1
210760 PALMEIRANDIA	1	-	-	2	3
210770 PARAIBANO	-	-	-	1	1
210780 PARNARAMA	1	-	2	1	4
210790 PASSAGEM FRANCA	-	-	-	1	1
210800 PASTOS BONS	3	-	-	1	4
210805 PAULINO NEVES	2	-	-	-	2
210810 PAULO RAMOS	1	-	-	1	2
210820 PEDREIRAS	-	1	-	-	1
210825 PEDRO DO ROSARIO	2	-	-	-	2
210830 PENALVA	5	-	-	4	9
210850 PINDARE-MIRIM	1	-	-	-	1
210860 PINHEIRO	4	-	2	10	16
210870 PIO XII	2	-	1	1	4
210880 PIRAPEMAS	2	-	-	-	2
210900 PORTO FRANCO	-	-	-	2	2
210905 PORTO RICO DO MARANHAO	-	-	-	1	1
210910 PRESIDENTE DUTRA	1	-	1	3	5
210927 PRESIDENTE SARNEY	1	-	-	-	1
210940 PRIMEIRA CRUZ	-	-	-	1	1
210950 RIACHAO	-	-	-	2	2
210960 ROSARIO	2	-	-	-	2
210990 SANTA INES	3	-	2	7	12
211000 SANTA LUZIA	17	-	1	7	25
211010 SANTA QUITERIA DO MARANHAO	-	-	-	1	1
211020 SANTA RITA	1	-	-	1	2
211040 SAO BENEDITO DO RIO PRETO	1	-	-	3	4
211050 SAO BENTO	3	-	-	2	5
211060 SAO BERNARDO	-	-	-	1	1
211065 SAO DOMINGOS DO AZEITAO	2	-	-	-	2
211070 SAO DOMINGOS DO MARANHAO	1	-	-	-	1
211090 SAO FRANCISCO DO MARANHAO	1	1	-	-	2
211100 SAO JOAO BATISTA	-	-	-	2	2
211102 SAO JOAO DO CARU	-	-	-	1	1
211105 SAO JOAO DO PARAISO	1	-	-	-	1
211107 SAO JOAO DO SOTER	1	-	1	-	2
211110 SAO JOAO DOS PATOS	2	-	1	3	6
211120 SAO JOSE DE RIBAMAR	1	-	-	-	1
211130 SAO LUIS	20	-	1	41	62
211140 SAO LUIS GONZAGA DO MARANHAO	-	-	-	1	1
211150 SAO MATEUS DO MARANHAO	3	-	-	1	4
211157 SAO PEDRO DOS CRENTES	-	-	-	1	1
211160 SAO RAIMUNDO DAS MANGABEIRAS	4	-	-	1	5
211163 SAO RAIMUNDO DO DOCA BEZERRA	1	-	-	-	1
211170 SAO VICENTE FERRER	1	-	1	-	2
211172 SATUBINHA	4	-	-	-	4
211174 SENADOR ALEXANDRE COSTA	1	-	-	-	1
211178 SERRANO DO MARANHAO	2	-	-	-	2
211180 SITIO NOVO	-	-	-	2	2
211195 SUCUPIRA DO RIACHAO	1	-	-	1	2
211210 TIMBIRAS	3	-	-	-	3
211220 TIMON	9	-	1	-	10
211227 TUFILANDIA	-	-	-	1	1
211230 TUNTUM	1	-	-	-	1
211240 TURIACU	1	-	-	-	1
211250 TUTOIA	9	-	-	1	10
211260 URBANO SANTOS	1	-	-	3	4
211270 VARGEM GRANDE	4	-	2	1	7
211280 VIANA	-	-	1	5	6
211285 VILA NOVA DOS MARTIRIOS	-	-	1	-	1
211290 VITORIA DO MEARIM	1	-	1	6	8
211300 VITORINO FREIRE	2	-	-	4	6
211400 ZE DOCA	-	-	-	7	7
MUNICIPIO IGNORADO - PI	1	-	-	-	1
220020 AGUA BRANCA	3	-	-	-	3
220030 ALTO LONGA	1	-	-	-	1
220040 ALTOS	-	-	-	2	2
220045 ALVORADA DO GURGUEIA	1	-	-	-	1
220050 AMARANTE	2	-	-	-	2
220105 ASSUNCAO DO PIAUI	1	-	-	-	1
220115 BAIXA GRANDE DO RIBEIRO	1	-	-	1	2
220120 BARRAS	2	-	-	-	2
220130 BARREIRAS DO PIAUI	1	-	-	-	1
220173 BETANIA DO PIAUI	2	-	-	-	2
220190 BOM JESUS	2	-	-	4	6
220217 CAMPO LARGO DO PIAUI	2	-	-	-	2
220220 CAMPO MAIOR	3	-	-	-	3
220230 CANTO DO BURITI	1	1	-	-	2
220260 CASTELO DO PIAUI	-	-	-	2	2
220270 COCAL	-	-	-	1	1
220277 COLONIA DO PIAUI	2	-	-	-	2
220290 CORRENTE	2	-	-	2	4
220320 CURIMATA	2	-	-	-	2
220323 CURRAIS	1	-	-	-	1
220327 CURRAL NOVO DO PIAUI	1	-	-	-	1
220350 ELESBAO VELOSO	1	-	-	-	1
220370 ESPERANTINA	-	-	-	1	1
220390 FLORIANO	4	-	1	9	14
220465 ILHA GRANDE	-	-	-	1	1
220510 ITAUEIRA	-	-	-	2	2
220520 JAICOS	1	-	-	-	1
220540 JOAQUIM PIRES	1	-	-	-	1
220550 JOSE DE FREITAS	3	-	-	-	3
220551 JUAZEIRO DO PIAUI	1	-	-	-	1
220555 LAGOA ALEGRE	1	-	-	-	1
220560 LANDRI SALES	1	-	-	-	1
220570 LUIS CORREIA	1	-	-	-	1
220580 LUZILANDIA	-	-	-	2	2
220595 MARCOLANDIA	1	-	-	-	1
220610 MATIAS OLIMPIO	1	-	-	-	1
220620 MIGUEL ALVES	2	-	-	-	2
220635 MILTON BRANDAO	1	-	-	-	1
220640 MONSENHOR GIL	1	-	1	-	2
220660 MONTE ALEGRE DO PIAUI	2	-	-	1	3
220675 NOSSA SENHORA DE NAZARE	2	-	-	-	2
220700 OEIRAS	2	-	1	1	4
220760 PARNAGUA	1	-	-	-	1
220770 PARNAIBA	11	-	3	9	23
220777 PATOS DO PIAUI	1	-	-	-	1
220780 PAULISTANA	1	-	-	-	1
220800 PICOS	-	-	-	5	5
220820 PIO IX	1	-	-	-	1
220830 PIRACURUCA	1	-	-	1	2
220840 PIRIPIRI	1	-	-	-	1
220850 PORTO	1	-	-	-	1
220880 REGENERACAO	1	-	1	-	2
220885 RIACHO FRIO	2	-	-	-	2
220890 RIBEIRO GONCALVES	1	-	-	-	1
220920 SANTA FILOMENA	-	-	-	1	1
220930 SANTA LUZ	2	-	-	-	2
220937 SANTA ROSA DO PIAUI	1	-	-	-	1
220940 SANTO ANTONIO DE LISBOA	-	-	1	-	1
220965 SAO FRANCISCO DE ASSIS DO PIAUI	1	-	-	1	2
220975 SAO GONCALO DO GURGUEIA	2	-	-	-	2
221000 SAO JOAO DO PIAUI	-	-	-	2	2
221010 SAO JOSE DO PEIXE	1	-	-	-	1
221040 SAO MIGUEL DO TAPUIO	1	-	-	-	1
221050 SAO PEDRO DO PIAUI	1	-	-	-	1
221060 SAO RAIMUNDO NONATO	3	-	-	5	8
221070 SIMOES	1	-	-	3	4
221080 SIMPLICIO MENDES	-	-	1	-	1
221093 SUSSUAPARA	1	-	-	-	1
221100 TERESINA	26	1	7	15	49
221110 UNIAO	8	-	-	-	8
221120 URUCUI	1	-	1	2	4
221150 VERA MENDES	1	-	-	-	1
230020 ACARAU	1	-	-	2	3
230030 ACOPIARA	1	-	-	-	1
230040 AIUABA	1	-	-	1	2
230060 ALTANEIRA	1	-	-	-	1
230070 ALTO SANTO	1	-	-	-	1
230075 AMONTADA	2	-	-	-	2
230100 AQUIRAZ	-	-	-	1	1
230130 ARARIPE	1	-	-	-	1
230150 ARNEIROZ	1	-	-	-	1
230160 ASSARE	-	-	-	1	1
230170 AURORA	1	-	-	-	1
230190 BARBALHA	4	-	3	24	31
230200 BARRO	-	-	-	1	1
230210 BATURITE	1	-	-	-	1
230220 BEBERIBE	2	-	-	-	2
230250 BREJO SANTO	1	-	-	2	3
230260 CAMOCIM	1	-	1	5	7
230270 CAMPOS SALES	1	-	-	3	4
230290 CAPISTRANO	1	-	-	-	1
230320 CARIRIACU	1	-	-	-	1
230350 CASCAVEL	-	-	-	1	1
230370 CAUCAIA	3	-	-	-	3
230380 CEDRO	1	-	-	-	1
230393 CHORO	1	1	-	-	2
230410 CRATEUS	4	-	-	1	5
230420 CRATO	3	-	-	-	3
230423 CROATA	-	-	-	1	1
230425 CRUZ	1	-	-	1	2
230440 FORTALEZA	63	-	8	14	85
230465 GRACA	1	-	-	-	1
230470 GRANJA	2	1	-	-	3
230480 GRANJEIRO	-	-	-	2	2
230495 GUAIUBA	1	-	-	-	1
230523 HORIZONTE	-	-	-	1	1
230540 ICO	1	-	-	1	2
230550 IGUATU	1	-	2	3	6
230560 INDEPENDENCIA	1	-	-	-	1
230590 IPUEIRAS	2	-	-	-	2
230610 IRAUCUBA	1	-	-	-	1
230630 ITAPAGE	-	-	-	2	2
230640 ITAPIPOCA	1	-	1	3	5
230660 ITATIRA	1	-	-	-	1
230690 JAGUARIBE	1	-	-	-	1
230710 JARDIM	-	-	-	1	1
230725 JIJOCA DE JERICOACOARA	1	-	-	-	1
230730 JUAZEIRO DO NORTE	3	-	-	9	12
230750 LAVRAS DA MANGABEIRA	-	-	-	2	2
230760 LIMOEIRO DO NORTE	1	-	-	1	2
230763 MADALENA	1	-	-	-	1
230765 MARACANAU	3	1	1	1	6
230770 MARANGUAPE	2	-	-	-	2
230780 MARCO	1	-	-	-	1
230790 MARTINOPOLE	1	-	-	-	1
230800 MASSAPE	3	-	-	-	3
230810 MAURITI	-	-	1	-	1
230820 MERUOCA	1	-	-	-	1
230850 MOMBACA	2	-	-	-	2
230870 MORADA NOVA	1	-	-	-	1
230880 MORAUJO	2	-	-	-	2
230900 MUCAMBO	1	-	-	-	1
230920 NOVA OLINDA	-	-	1	-	1
230930 NOVA RUSSAS	1	-	-	-	1
230940 NOVO ORIENTE	1	-	-	-	1
230945 OCARA	-	-	-	1	1
230950 OROS	2	-	-	-	2
231020 PARACURU	1	-	-	-	1
231030 PARAMBU	1	-	-	-	1
231050 PEDRA BRANCA	2	-	-	-	2
231070 PENTECOSTE	1	-	-	1	2
231090 PIQUET CARNEIRO	-	-	-	2	2
231110 PORTEIRAS	1	-	-	-	1
231130 QUIXADA	5	-	-	1	6
231140 QUIXERAMOBIM	-	-	-	1	1
231160 REDENCAO	1	-	-	1	2
231170 RERIUTABA	-	-	-	1	1
231180 RUSSAS	1	-	-	2	3
231195 SALITRE	1	-	-	-	1
231200 SANTANA DO ACARAU	1	-	-	-	1
231210 SANTANA DO CARIRI	1	-	-	-	1
231230 SAO BENEDITO	-	-	1	-	1
231260 SAO LUIS DO CURU	1	-	-	-	1
231270 SENADOR POMPEU	2	-	-	-	2
231290 SOBRAL	21	-	1	24	46
231330 TAUA	2	-	-	1	3
231335 TEJUCUOCA	1	-	-	1	2
231350 TRAIRI	2	-	-	-	2
231360 UBAJARA	1	1	-	-	2
231375 UMIRIM	1	-	-	-	1
231390 URUOCA	1	-	-	-	1
231400 VARZEA ALEGRE	2	-	2	1	5
231410 VICOSA DO CEARA	-	-	-	2	2
240020 ACU	2	-	-	-	2
240090 ANTONIO MARTINS	1	-	-	-	1
240100 APODI	-	-	-	1	1
240145 BARAUNA	1	-	-	-	1
240150 BARCELONA	1	-	-	-	1
240200 CAICO	1	-	-	1	2
240220 CANGUARETAMA	1	-	-	-	1
240230 CARAUBAS	1	-	-	-	1
240260 CEARA-MIRIM	-	-	-	1	1
240310 CURRAIS NOVOS	-	-	-	1	1
240325 PARNAMIRIM	3	-	-	1	4
240360 EXTREMOZ	1	-	-	-	1
240430 GOVERNADOR DIX-SEPT ROSADO	2	-	-	-	2
240450 GUAMARE	2	-	-	-	2
240470 IPANGUACU	3	-	-	1	4
240500 JACANA	1	-	-	-	1
240560 JARDIM DE PIRANHAS	-	-	-	1	1
240580 JOAO CAMARA	1	-	-	1	2
240600 JOSE DA PENHA	1	-	-	-	1
240710 MACAIBA	1	-	-	-	1
240720 MACAU	1	-	-	-	1
240800 MOSSORO	-	-	-	16	16
240810 NATAL	41	-	1	4	46
240820 NISIA FLORESTA	1	-	-	-	1
240830 NOVA CRUZ	1	-	-	1	2
240910 PASSA E FICA	-	-	-	1	1
240920 PASSAGEM	-	-	1	-	1
240940 PAU DOS FERROS	1	-	-	7	8
240970 PEDRO AVELINO	1	-	-	-	1
241120 SANTA CRUZ	-	-	1	-	1
241200 SAO GONCALO DO AMARANTE	5	-	-	-	5
241220 SAO JOSE DE MIPIBU	2	-	-	1	3
241250 SAO MIGUEL	1	-	-	-	1
241260 SAO PAULO DO POTENGI	-	-	-	1	1
250010 AGUA BRANCA	1	-	-	-	1
250020 AGUIAR	1	-	-	-	1
250040 ALAGOA NOVA	4	-	-	-	4
250080 ARACAGI	1	-	-	-	1
250100 ARARUNA	1	-	-	-	1
250110 AREIA	2	-	-	-	2
250130 AROEIRAS	1	-	-	-	1
250150 BANANEIRAS	1	-	-	-	1
250157 BARRA DE SANTANA	1	-	1	-	2
250180 BAYEUX	1	-	-	-	1
250190 BELEM	1	-	-	-	1
250205 BERNARDINO BATISTA	1	-	-	-	1
250210 BOA VENTURA	-	-	1	-	1
250240 BONITO DE SANTA FE	1	-	-	-	1
250250 BOQUEIRAO	1	1	-	-	2
250270 BORBOREMA	1	-	-	-	1
250280 BREJO DO CRUZ	1	-	-	-	1
250330 CACHOEIRA DOS INDIOS	-	1	-	-	1
250355 CACIMBAS	3	-	-	1	4
250370 CAJAZEIRAS	3	-	-	1	4
250400 CAMPINA GRANDE	26	-	1	2	29
250415 CASSERENGUE	1	-	-	-	1
250430 CATOLE DO ROCHA	-	-	-	1	1
250440 CONCEICAO	1	-	-	-	1
250450 CONDADO	1	-	-	-	1
250460 CONDE	1	-	-	-	1
250480 COREMAS	-	-	-	2	2
250490 CRUZ DO ESPIRITO SANTO	1	-	-	-	1
250510 CUITE	-	-	-	1	1
250520 CUITEGI	1	-	-	-	1
250570 DONA INES	-	-	-	1	1
250610 FAGUNDES	1	-	-	-	1
250630 GUARABIRA	1	-	-	1	2
250640 GURINHEM	2	-	-	-	2
250670 IMACULADA	2	-	-	-	2
250680 INGA	1	-	-	-	1
250690 ITABAIANA	1	-	-	-	1
250700 ITAPORANGA	3	-	1	4	8
250750 JOAO PESSOA	16	-	-	5	21
250760 JUAREZ TAVORA	1	-	-	-	1
250770 JUAZEIRINHO	4	-	1	-	5
250800 JURU	1	-	-	-	1
250890 MAMANGUAPE	1	-	-	1	2
250900 MANAIRA	-	-	1	-	1
250910 MARI	1	-	-	-	1
250939 MATUREIA	1	-	-	-	1
250970 MONTEIRO	4	-	-	4	8
251000 NAZAREZINHO	1	-	-	-	1
251010 NOVA FLORESTA	-	-	1	-	1
251080 PATOS	5	1	4	24	34
251110 PEDRA LAVRADA	1	-	-	-	1
251140 PICUI	3	-	-	-	3
251150 PILAR	1	-	-	-	1
251200 POCINHOS	2	-	-	-	2
251210 POMBAL	-	-	1	1	2
251230 PRINCESA ISABEL	2	-	-	-	2
251240 PUXINANA	1	-	-	-	1
251250 QUEIMADAS	1	-	-	-	1
251270 REMIGIO	3	-	-	-	3
251272 PEDRO REGIS	-	-	1	-	1
251278 RIACHO DE SANTO ANTONIO	1	-	-	-	1
251340 SANTA LUZIA	1	-	-	-	1
251390 SAO BENTO	1	-	-	2	3
251430 SAO JOSE DE CAIANA	1	-	-	-	1
251440 SAO JOSE DE ESPINHARAS	-	-	-	1	1
251480 SAO JOSE DOS CORDEIROS	1	-	-	-	1
251510 SAO SEBASTIAO DE LAGOA DE ROCA	1	-	-	-	1
251530 SAPE	1	-	-	-	1
251540 SAO VICENTE DO SERIDO	1	-	-	-	1
251580 SERRA REDONDA	-	-	1	-	1
251600 SOLANEA	-	-	-	1	1
251610 SOLEDADE	2	-	-	-	2
251620 SOUSA	2	-	-	4	6
251630 SUME	1	-	-	1	2
251650 TAPEROA	1	-	2	-	3
251660 TAVARES	1	-	-	-	1
251670 TEIXEIRA	1	-	-	-	1
251675 TENORIO	-	-	1	-	1
251690 UIRAUNA	-	-	-	1	1
251700 UMBUZEIRO	1	-	-	-	1
260005 ABREU E LIMA	-	-	1	1	2
260010 AFOGADOS DA INGAZEIRA	2	-	-	1	3
260020 AFRANIO	2	-	1	-	3
260030 AGRESTINA	-	-	-	1	1
260050 AGUAS BELAS	-	-	-	1	1
260090 AMARAJI	-	-	-	1	1
260100 ANGELIM	-	-	1	-	1
260110 ARARIPINA	5	-	-	-	5
260120 ARCOVERDE	3	-	-	7	10
260170 BELO JARDIM	4	-	-	-	4
260190 BEZERROS	2	-	-	-	2
260200 BODOCO	2	-	-	-	2
260210 BOM CONSELHO	2	-	-	-	2
260220 BOM JARDIM	1	-	-	-	1
260230 BONITO	3	-	-	-	3
260240 BREJAO	1	-	-	-	1
260280 BUIQUE	2	-	-	-	2
260290 CABO DE SANTO AGOSTINHO	1	-	-	-	1
260300 CABROBO	3	-	1	2	6
260310 CACHOEIRINHA	-	-	-	1	1
260345 CAMARAGIBE	1	-	-	-	1
260370 CANHOTINHO	3	-	-	-	3
260380 CAPOEIRAS	1	-	-	-	1
260400 CARPINA	2	-	-	-	2
260410 CARUARU	8	-	-	2	10
260420 CATENDE	1	-	-	-	1
260440 CHA DE ALEGRIA	1	-	-	-	1
260470 CORRENTES	-	-	-	1	1
260500 CUPIRA	1	-	-	-	1
260510 CUSTODIA	1	-	-	-	1
260515 DORMENTES	3	-	-	-	3
260530 EXU	1	-	-	-	1
260590 GAMELEIRA	1	-	-	-	1
260600 GARANHUNS	5	-	-	-	5
260620 GOIANA	-	-	1	-	1
260640 GRAVATA	2	-	-	-	2
260650 IATI	1	-	-	-	1
260700 INAJA	3	-	-	1	4
260720 IPOJUCA	1	-	-	-	1
260730 IPUBI	2	-	-	-	2
260750 ITAIBA	2	-	-	-	2
260760 ILHA DE ITAMARACA	2	-	-	-	2
260765 ITAMBE	1	-	-	-	1
260775 ITAPISSUMA	1	-	-	-	1
260780 ITAQUITINGA	1	-	-	-	1
260790 JABOATAO DOS GUARARAPES	5	-	1	4	10
260795 JAQUEIRA	-	-	1	-	1
260800 JATAUBA	1	-	-	-	1
260805 JATOBA	1	-	-	-	1
260850 LAGOA DE ITAENGA	1	-	-	-	1
260875 LAGOA GRANDE	3	-	-	1	4
260880 LAJEDO	1	-	-	-	1
260890 LIMOEIRO	5	-	-	-	5
260900 MACAPARANA	1	-	-	-	1
260915 MANARI	2	-	-	-	2
260930 MIRANDIBA	1	-	-	-	1
260940 MORENO	1	-	-	-	1
260950 NAZARE DA MATA	1	-	-	-	1
260960 OLINDA	3	-	-	1	4
260970 OROBO	1	-	-	-	1
260980 OROCO	2	-	-	-	2
260990 OURICURI	4	-	-	3	7
261000 PALMARES	8	-	-	2	10
261010 PALMEIRINA	1	-	-	-	1
261020 PANELAS	-	-	-	1	1
261030 PARANATAMA	1	-	-	-	1
261040 PARNAMIRIM	2	-	-	-	2
261090 PESQUEIRA	2	-	-	1	3
261100 PETROLANDIA	-	-	3	4	7
261110 PETROLINA	29	-	-	2	31
261120 POCAO	2	-	-	-	2
261160 RECIFE	17	-	4	2	23
261170 RIACHO DAS ALMAS	1	-	-	-	1
261180 RIBEIRAO	1	-	-	-	1
261200 SAIRE	1	-	-	-	1
261220 SALGUEIRO	9	-	-	1	10
261230 SALOA	-	-	-	1	1
261240 SANHARO	1	-	-	-	1
261245 SANTA CRUZ	1	-	-	-	1
261260 SANTA MARIA DA BOA VISTA	4	-	-	1	5
261290 SAO BENEDITO DO SUL	-	-	-	1	1
261300 SAO BENTO DO UNA	4	-	-	-	4
261320 SAO JOAO	1	-	-	-	1
261340 SAO JOSE DA COROA GRANDE	1	-	-	-	1
261350 SAO JOSE DO BELMONTE	1	-	-	-	1
261360 SAO JOSE DO EGITO	1	-	-	1	2
261370 SAO LOURENCO DA MATA	3	-	-	-	3
261390 SERRA TALHADA	2	-	-	1	3
261400 SERRITA	1	-	1	-	2
261410 SERTANIA	2	-	-	-	2
261420 SIRINHAEM	1	-	-	-	1
261450 SURUBIM	1	-	-	-	1
261460 TABIRA	1	-	-	-	1
261480 TACARATU	1	1	-	-	2
261485 TAMANDARE	1	-	-	-	1
261500 TAQUARITINGA DO NORTE	2	-	-	-	2
261510 TEREZINHA	1	-	-	-	1
261540 TORITAMA	3	-	-	-	3
261580 TUPANATINGA	1	-	-	-	1
261620 VERTENTES	1	-	-	-	1
261640 VITORIA DE SANTO ANTAO	1	-	1	3	5
270010 AGUA BRANCA	4	-	-	-	4
270020 ANADIA	1	-	-	-	1
270030 ARAPIRACA	20	-	6	6	32
270040 ATALAIA	1	-	-	-	1
270090 BELO MONTE	1	-	-	-	1
270120 CACIMBINHAS	1	-	-	-	1
270150 CAMPO GRANDE	1	-	-	-	1
270160 CANAPI	-	-	-	2	2
270210 COLONIA LEOPOLDINA	2	-	-	1	3
270230 CORURIPE	-	-	-	1	1
270235 CRAIBAS	1	-	-	-	1
270240 DELMIRO GOUVEIA	1	-	-	-	1
270255 ESTRELA DE ALAGOAS	1	-	-	-	1
270260 FEIRA GRANDE	1	-	-	-	1
270290 GIRAU DO PONCIANO	4	-	-	-	4
270300 IBATEGUARA	1	-	-	-	1
270310 IGACI	-	-	-	1	1
270320 IGREJA NOVA	1	-	-	-	1
270330 INHAPI	3	-	-	-	3
270380 JOAQUIM GOMES	-	-	-	1	1
270430 MACEIO	25	-	1	21	47
270450 MARAGOGI	1	-	-	1	2
270460 MARAVILHA	1	-	-	-	1
270470 MARECHAL DEODORO	1	-	-	-	1
270510 MATRIZ DE CAMARAGIBE	2	-	-	-	2
270530 MINADOR DO NEGRAO	1	-	-	-	1
270540 MONTEIROPOLIS	1	-	-	-	1
270550 MURICI	-	-	-	1	1
270570 OLHO D'AGUA DAS FLORES	-	-	1	-	1
270580 OLHO D'AGUA DO CASADO	1	-	-	-	1
270600 OLIVENCA	1	-	-	-	1
270610 OURO BRANCO	1	-	-	-	1
270630 PALMEIRA DOS INDIOS	1	-	-	7	8
270650 PASSO DE CAMARAGIBE	-	-	1	-	1
270670 PENEDO	2	-	-	3	5
270710 PIRANHAS	4	-	1	-	5
270730 PORTO CALVO	-	-	-	1	1
270760 QUEBRANGULO	1	-	-	-	1
270770 RIO LARGO	2	-	-	-	2
270800 SANTANA DO IPANEMA	4	-	1	3	8
270810 SANTANA DO MUNDAU	1	-	-	-	1
270830 SAO JOSE DA LAJE	1	-	-	-	1
270840 SAO JOSE DA TAPERA	2	-	-	3	5
270850 SAO LUIS DO QUITUNDE	-	-	-	1	1
270860 SAO MIGUEL DOS CAMPOS	2	-	-	-	2
270880 SAO SEBASTIAO	1	-	-	-	1
270895 SENADOR RUI PALMEIRA	1	-	-	-	1
270910 TAQUARANA	1	-	-	-	1
270915 TEOTONIO VILELA	2	-	-	-	2
270920 TRAIPU	1	-	-	-	1
270930 UNIAO DOS PALMARES	1	-	-	4	5
280030 ARACAJU	22	-	-	1	23
280040 ARAUA	1	-	-	-	1
280060 BARRA DOS COQUEIROS	1	-	-	-	1
280067 BOQUIM	1	-	-	-	1
280100 CAMPO DO BRITO	1	-	-	-	1
280120 CANINDE DE SAO FRANCISCO	2	-	-	-	2
280170 CRISTINAPOLIS	1	-	-	-	1
280190 CUMBE	-	-	1	-	1
280210 ESTANCIA	1	-	1	1	3
280280 INDIAROBA	1	-	-	-	1
280290 ITABAIANA	5	-	-	5	10
280300 ITABAIANINHA	1	-	-	-	1
280310 ITABI	1	-	-	-	1
280320 ITAPORANGA D'AJUDA	4	-	-	-	4
280330 JAPARATUBA	1	-	-	-	1
280350 LAGARTO	2	-	-	1	3
280360 LARANJEIRAS	1	-	1	-	2
280420 MONTE ALEGRE DE SERGIPE	2	-	-	-	2
280440 NEOPOLIS	1	-	1	2	4
280450 NOSSA SENHORA DA GLORIA	2	-	-	-	2
280460 NOSSA SENHORA DAS DORES	1	-	-	-	1
280480 NOSSA SENHORA DO SOCORRO	5	-	-	1	6
280530 PIRAMBU	1	-	-	-	1
280540 POCO REDONDO	1	-	-	-	1
280550 POCO VERDE	2	-	-	-	2
280560 PORTO DA FOLHA	4	-	-	-	4
280570 PROPRIA	3	-	-	-	3
280580 RIACHAO DO DANTAS	1	-	-	1	2
280590 RIACHUELO	1	-	-	-	1
280660 SANTO AMARO DAS BROTAS	-	-	-	1	1
280670 SAO CRISTOVAO	2	-	-	-	2
280710 SIMAO DIAS	1	-	-	-	1
280720 SIRIRI	1	-	-	-	1
280740 TOBIAS BARRETO	3	-	-	-	3
290040 AGUA FRIA	1	-	-	-	1
290050 ERICO CARDOSO	1	-	-	-	1
290060 AIQUARA	1	-	-	-	1
290070 ALAGOINHAS	2	-	-	23	25
290080 ALCOBACA	4	-	-	1	5
290100 AMARGOSA	1	-	-	2	3
290110 AMELIA RODRIGUES	1	-	-	-	1
290115 AMERICA DOURADA	1	-	1	-	2
290120 ANAGE	1	-	-	-	1
290135 ANDORINHA	2	-	-	-	2
290160 ANTAS	2	-	-	3	5
290195 APUAREMA	1	-	-	-	1
290210 ARACI	8	-	-	4	12
290225 ARATACA	1	-	-	-	1
290240 AURELINO LEAL	1	-	-	1	2
290250 BAIANOPOLIS	2	-	-	-	2
290260 BAIXA GRANDE	2	-	-	-	2
290265 BANZAE	1	-	-	-	1
290270 BARRA	3	-	-	15	18
290280 BARRA DA ESTIVA	-	-	-	1	1
290290 BARRA DO CHOCA	1	-	-	1	2
290320 BARREIRAS	14	-	-	13	27
290323 BARRO ALTO	1	-	-	-	1
290330 BARRO PRETO	1	-	-	-	1
290340 BELMONTE	-	-	-	1	1
290350 BELO CAMPO	3	-	-	-	3
290360 BIRITINGA	1	-	-	-	1
290370 BOA NOVA	1	-	-	-	1
290380 BOA VISTA DO TUPIM	1	-	-	-	1
290390 BOM JESUS DA LAPA	7	-	-	10	17
290395 BOM JESUS DA SERRA	1	-	-	-	1
290400 BONINAL	1	-	-	-	1
290410 BOQUIRA	-	-	-	1	1
290430 BREJOES	1	-	-	1	2
290440 BREJOLANDIA	-	-	-	1	1
290460 BRUMADO	2	-	-	-	2
290470 BUERAREMA	2	-	1	-	3
290475 BURITIRAMA	2	-	-	3	5
290480 CAATIBA	1	-	-	-	1
290500 CACULE	-	-	-	1	1
290510 CAEM	1	-	-	1	2
290520 CAETITE	1	-	-	-	1
290530 CAFARNAUM	3	-	-	1	4
290550 CALDEIRAO GRANDE	1	-	-	1	2
290560 CAMACAN	6	-	-	8	14
290570 CAMACARI	9	-	-	20	29
290580 CAMAMU	3	-	2	-	5
290590 CAMPO ALEGRE DE LOURDES	2	-	-	1	3
290600 CAMPO FORMOSO	5	-	-	4	9
290610 CANAPOLIS	1	-	-	1	2
290620 CANARANA	2	-	-	-	2
290630 CANAVIEIRAS	9	-	1	-	10
290640 CANDEAL	-	-	-	1	1
290650 CANDEIAS	6	-	-	-	6
290670 CANDIDO SALES	2	-	-	-	2
290680 CANSANCAO	7	-	-	-	7
290682 CANUDOS	3	-	1	2	6
290687 CAPIM GROSSO	3	-	-	-	3
290690 CARAVELAS	2	-	-	-	2
290700 CARDEAL DA SILVA	2	-	-	-	2
290710 CARINHANHA	6	-	-	-	6
290720 CASA NOVA	5	-	1	-	6
290740 CATOLANDIA	1	-	-	-	1
290750 CATU	-	-	-	5	5
290755 CATURAMA	1	-	-	-	1
290760 CENTRAL	1	-	-	-	1
290780 CICERO DANTAS	1	-	-	-	1
290790 CIPO	1	-	-	1	2
290800 COARACI	1	-	-	-	1
290810 COCOS	1	-	-	3	4
290820 CONCEICAO DA FEIRA	2	-	-	1	3
290840 CONCEICAO DO COITE	3	-	1	2	6
290860 CONDE	2	-	-	2	4
290930 CORRENTINA	1	-	-	1	2
290960 CRISOPOLIS	5	-	-	-	5
290970 CRISTOPOLIS	1	-	-	-	1
290980 CRUZ DAS ALMAS	2	-	-	5	7
290990 CURACA	3	-	-	2	5
291005 DIAS D'AVILA	5	-	-	1	6
291040 ENCRUZILHADA	3	-	-	-	3
291050 ENTRE RIOS	4	-	-	1	5
291060 ESPLANADA	6	-	1	4	11
291070 EUCLIDES DA CUNHA	3	-	-	1	4
291072 EUNAPOLIS	1	-	-	6	7
291075 FATIMA	1	-	-	1	2
291080 FEIRA DE SANTANA	44	-	5	45	94
291085 FILADELFIA	3	-	-	2	5
291100 FLORESTA AZUL	1	-	-	-	1
291120 GANDU	3	-	-	11	14
291125 GAVIAO	1	-	-	-	1
291130 GENTIO DO OURO	1	-	-	1	2
291150 GONGOGI	-	-	-	1	1
291160 GOVERNADOR MANGABEIRA	2	-	-	-	2
291165 GUAJERU	-	-	-	1	1
291170 GUANAMBI	7	-	-	1	8
291180 GUARATINGA	1	-	-	-	1
291210 IBICARAI	2	-	-	-	2
291230 IBICUI	1	-	-	-	1
291260 IBIQUERA	1	-	-	-	1
291270 IBIRAPITANGA	4	-	-	1	5
291280 IBIRAPUA	-	-	-	1	1
291290 IBIRATAIA	4	-	-	1	5
291300 IBITIARA	1	-	-	1	2
291310 IBITITA	1	-	-	-	1
291320 IBOTIRAMA	5	-	-	9	14
291340 IGAPORA	-	-	-	3	3
291345 IGRAPIUNA	1	-	-	1	2
291350 IGUAI	3	-	-	1	4
291360 ILHEUS	11	-	1	48	60
291370 INHAMBUPE	8	-	-	2	10
291390 IPIAU	3	-	-	5	8
291400 IPIRA	1	-	-	-	1
291410 IPUPIARA	-	-	-	1	1
291420 IRAJUBA	1	-	-	1	2
291430 IRAMAIA	-	-	1	-	1
291440 IRAQUARA	2	-	-	1	3
291450 IRARA	3	-	-	-	3
291460 IRECE	1	-	1	3	5
291465 ITABELA	3	-	-	-	3
291470 ITABERABA	1	-	1	-	2
291480 ITABUNA	13	-	16	251	280
291490 ITACARE	3	-	-	1	4
291500 ITAETE	1	-	-	1	2
291510 ITAGI	1	-	-	-	1
291520 ITAGIBA	2	-	-	-	2
291530 ITAGIMIRIM	1	-	-	-	1
291550 ITAJUIPE	1	-	1	-	2
291560 ITAMARAJU	8	-	2	-	10
291570 ITAMARI	-	-	-	1	1
291580 ITAMBE	5	-	-	1	6
291600 ITANHEM	1	-	-	-	1
291610 ITAPARICA	2	-	-	1	3
291630 ITAPEBI	-	-	1	-	1
291640 ITAPETINGA	7	-	-	1	8
291650 ITAPICURU	1	-	-	1	2
291660 ITAPITANGA	1	-	-	1	2
291670 ITAQUARA	2	-	-	-	2
291680 ITARANTIM	1	-	1	-	2
291685 ITATIM	2	-	-	-	2
291690 ITIRUCU	-	-	-	2	2
291700 ITIUBA	2	-	-	2	4
291710 ITORORO	3	-	-	3	6
291720 ITUACU	1	-	-	-	1
291730 ITUBERA	2	-	1	2	5
291750 JACOBINA	6	-	-	22	28
291760 JAGUAQUARA	4	-	-	8	12
291770 JAGUARARI	2	-	-	2	4
291800 JEQUIE	10	-	2	3	15
291810 JEREMOABO	2	-	-	-	2
291820 JIQUIRICA	1	-	-	-	1
291830 JITAUNA	2	-	-	-	2
291835 JOAO DOURADO	-	-	-	1	1
291840 JUAZEIRO	21	-	1	1	23
291850 JUSSARA	1	-	-	-	1
291880 LAJE	-	-	-	1	1
291915 LAPAO	1	-	-	-	1
291920 LAURO DE FREITAS	11	-	1	6	18
291930 LENCOIS	1	-	-	-	1
291950 LIVRAMENTO DE NOSSA SENHORA	1	-	-	2	3
291955 LUIS EDUARDO MAGALHAES	2	-	1	5	8
291960 MACAJUBA	2	-	-	-	2
291970 MACARANI	4	-	-	-	4
291980 MACAUBAS	2	-	-	2	4
291992 MADRE DE DEUS	4	-	-	3	7
292000 MAIQUINIQUE	1	-	-	-	1
292010 MAIRI	2	-	-	1	3
292020 MALHADA	2	-	-	-	2
292045 MANSIDAO	1	-	-	-	1
292050 MARACAS	-	-	-	3	3
292060 MARAGOGIPE	2	-	-	-	2
292070 MARAU	1	-	-	-	1
292080 MARCIONILIO SOUZA	1	-	-	1	2
292090 MASCOTE	1	-	-	-	1
292100 MATA DE SAO JOAO	2	-	-	9	11
292110 MEDEIROS NETO	-	-	1	2	3
292120 MIGUEL CALMON	2	-	-	1	3
292130 MILAGRES	-	-	-	2	2
292150 MONTE SANTO	6	-	-	5	11
292170 MORRO DO CHAPEU	3	-	-	2	5
292190 MUCUGE	-	-	-	1	1
292200 MUCURI	3	-	-	1	4
292205 MULUNGU DO MORRO	-	-	-	1	1
292210 MUNDO NOVO	3	-	-	-	3
292240 MUTUIPE	2	-	-	1	3
292250 NAZARE	1	-	-	-	1
292265 NORDESTINA	-	-	1	2	3
292270 NOVA CANAA	1	-	-	-	1
292285 NOVA REDENCAO	1	-	-	-	1
292290 NOVA SOURE	2	-	-	3	5
292300 NOVA VICOSA	3	-	-	1	4
292310 OLINDINA	3	-	1	-	4
292320 OLIVEIRA DOS BREJINHOS	-	-	-	1	1
292335 OUROLANDIA	1	-	-	-	1
292340 PALMAS DE MONTE ALTO	2	-	-	3	5
292350 PALMEIRAS	1	-	-	-	1
292360 PARAMIRIM	-	-	-	7	7
292370 PARATINGA	2	-	-	2	4
292380 PARIPIRANGA	2	-	-	1	3
292400 PAULO AFONSO	5	-	-	2	7
292405 PE DE SERRA	2	-	-	1	3
292410 PEDRAO	1	-	-	-	1
292420 PEDRO ALEXANDRE	2	-	-	-	2
292430 PIATA	-	-	-	1	1
292440 PILAO ARCADO	7	-	-	1	8
292460 PINDOBACU	3	-	-	-	3
292467 PIRAI DO NORTE	1	-	-	-	1
292470 PIRIPA	1	-	-	-	1
292480 PIRITIBA	1	-	-	1	2
292500 PLANALTO	-	-	-	1	1
292510 POCOES	4	-	1	2	7
292520 POJUCA	4	-	-	5	9
292525 PONTO NOVO	1	-	-	2	3
292530 PORTO SEGURO	5	-	-	-	5
292540 POTIRAGUA	1	-	-	-	1
292550 PRADO	4	-	-	2	6
292560 PRESIDENTE DUTRA	1	-	-	-	1
292575 PRESIDENTE TANCREDO NEVES	2	-	-	-	2
292580 QUEIMADAS	1	-	-	2	3
292590 QUIJINGUE	5	-	-	-	5
292595 RAFAEL JAMBEIRO	1	-	-	1	2
292600 REMANSO	2	-	-	8	10
292620 RIACHAO DAS NEVES	1	-	-	-	1
292630 RIACHAO DO JACUIPE	1	-	-	3	4
292640 RIACHO DE SANTANA	2	-	-	1	3
292650 RIBEIRA DO AMPARO	-	-	-	1	1
292660 RIBEIRA DO POMBAL	1	-	-	2	3
292670 RIO DE CONTAS	1	-	-	-	1
292700 RIO REAL	4	-	-	1	5
292710 RODELAS	1	-	-	1	2
292720 RUY BARBOSA	2	-	-	2	4
292730 SALINAS DA MARGARIDA	-	-	-	1	1
292740 SALVADOR	57	-	5	4	66
292750 SANTA BARBARA	1	-	-	-	1
292790 SANTA INES	1	-	-	-	1
292800 SANTALUZ	4	-	-	2	6
292805 SANTA LUZIA	2	-	-	-	2
292810 SANTA MARIA DA VITORIA	4	-	-	-	4
292820 SANTANA	-	-	-	1	1
292840 SANTA RITA DE CASSIA	3	-	-	2	5
292860 SANTO AMARO	3	-	-	-	3
292870 SANTO ANTONIO DE JESUS	2	-	-	3	5
292880 SANTO ESTEVAO	1	-	-	-	1
292890 SAO DESIDERIO	4	-	-	-	4
292900 SAO FELIX	1	-	-	9	10
292905 SAO FELIX DO CORIBE	-	-	1	2	3
292920 SAO FRANCISCO DO CONDE	2	-	-	2	4
292925 SAO GABRIEL	1	-	-	1	2
292930 SAO GONCALO DOS CAMPOS	3	-	-	-	3
292940 SAO MIGUEL DAS MATAS	2	-	-	-	2
292950 SAO SEBASTIAO DO PASSE	2	-	-	-	2
292960 SAPEACU	-	-	-	2	2
292970 SATIRO DIAS	1	-	-	-	1
292990 SEABRA	5	-	-	-	5
293000 SEBASTIAO LARANJEIRAS	-	-	-	1	1
293010 SENHOR DO BONFIM	11	-	1	6	18
293015 SERRA DO RAMALHO	3	-	-	-	3
293020 SENTO SE	1	-	1	-	2
293030 SERRA DOURADA	1	-	-	1	2
293050 SERRINHA	11	-	1	1	13
293070 SIMOES FILHO	8	-	3	5	16
293075 SITIO DO MATO	2	-	-	-	2
293076 SITIO DO QUINTO	2	-	-	-	2
293077 SOBRADINHO	3	-	-	1	4
293080 SOUTO SOARES	1	-	-	-	1
293105 TANQUE NOVO	1	-	-	-	1
293110 TANQUINHO	1	-	-	-	1
293120 TAPEROA	1	-	-	-	1
293135 TEIXEIRA DE FREITAS	18	-	-	-	18
293140 TEODORO SAMPAIO	2	-	-	-	2
293150 TEOFILANDIA	5	-	-	-	5
293170 TERRA NOVA	1	-	-	-	1
293180 TREMEDAL	1	-	-	-	1
293190 TUCANO	2	-	-	1	3
293200 UAUA	-	-	-	2	2
293210 UBAIRA	-	-	-	1	1
293220 UBAITABA	2	-	-	1	3
293230 UBATA	1	-	-	-	1
293240 UIBAI	1	-	-	-	1
293270 URUCUCA	1	-	-	-	1
293280 UTINGA	1	-	-	-	1
293290 VALENCA	10	-	-	21	31
293300 VALENTE	1	-	-	1	2
293310 VARZEA DO POCO	-	-	-	1	1
293320 VERA CRUZ	1	-	-	-	1
293330 VITORIA DA CONQUISTA	11	-	2	1	14
293350 WENCESLAU GUIMARAES	1	-	-	1	2
293360 XIQUE-XIQUE	4	-	-	-	4
310030 ABRE CAMPO	1	-	-	-	1
310060 AGUA BOA	2	-	-	-	2
310080 AGUANIL	1	-	-	-	1
310090 AGUAS FORMOSAS	-	-	-	1	1
310110 AIMORES	2	-	-	-	2
310120 AIURUOCA	-	-	-	5	5
310150 ALEM PARAIBA	-	-	-	3	3
310160 ALFENAS	5	-	-	2	7
310170 ALMENARA	6	-	-	4	10
310190 ALPINOPOLIS	2	-	-	1	3
310250 AMPARO DO SERRA	1	-	-	-	1
310260 ANDRADAS	1	-	-	1	2
310270 CACHOEIRA DE PAJEU	1	-	-	1	2
310285 ANGELANDIA	2	-	-	-	2
310340 ARACUAI	4	-	-	-	4
310350 ARAGUARI	5	-	-	1	6
310400 ARAXA	1	-	-	-	1
310420 ARCOS	2	-	-	-	2
310450 ARINOS	1	-	1	-	2
310480 AUGUSTO DE LIMA	1	-	-	-	1
310490 BAEPENDI	-	-	-	3	3
310540 BARAO DE COCAIS	-	-	2	-	2
310560 BARBACENA	6	-	-	-	6
310620 BELO HORIZONTE	38	-	-	32	70
310670 BETIM	17	-	2	-	19
310710 BOA ESPERANCA	1	-	-	14	15
310730 BOCAIUVA	2	-	-	2	4
310740 BOM DESPACHO	2	-	-	-	2
310770 BOM JESUS DO AMPARO	1	-	-	-	1
310780 BOM JESUS DO GALHO	1	-	-	-	1
310800 BOM SUCESSO	1	-	1	-	2
310860 BRASILIA DE MINAS	5	-	1	2	8
310900 BRUMADINHO	3	-	-	-	3
310945 CABECEIRA GRANDE	1	-	1	-	2
310990 CAETANOPOLIS	1	-	-	-	1
311000 CAETE	2	-	-	1	3
311020 CAJURI	1	-	-	-	1
311050 CAMANDUCAIA	1	-	-	-	1
311060 CAMBUI	2	-	-	-	2
311070 CAMBUQUIRA	2	-	-	-	2
311090 CAMPANHA	2	-	1	-	3
311100 CAMPESTRE	1	-	-	1	2
311120 CAMPO BELO	-	-	-	1	1
311140 CAMPO FLORIDO	2	-	-	1	3
311160 CAMPOS GERAIS	3	-	-	1	4
311180 CANAPOLIS	1	-	-	-	1
311230 CAPELINHA	3	-	-	-	3
311270 CAPITAO ENEAS	1	-	-	-	1
311300 CARAI	4	-	-	-	4
311330 CARANGOLA	2	-	-	4	6
311340 CARATINGA	2	-	2	-	4
311370 CARLOS CHAGAS	1	-	-	-	1
311380 CARMESIA	-	-	-	1	1
311390 CARMO DA CACHOEIRA	1	-	-	-	1
311430 CARMO DO PARANAIBA	1	-	-	-	1
311440 CARMO DO RIO CLARO	1	-	-	-	1
311455 CARNEIRINHO	1	-	-	-	1
311510 CASSIA	1	-	-	1	2
311530 CATAGUASES	2	-	-	2	4
311545 CATUJI	2	-	-	-	2
311550 CAXAMBU	1	-	-	-	1
311590 CHACARA	1	-	-	-	1
311615 CHAPADA GAUCHA	2	-	-	-	2
311630 CIPOTANEA	1	-	-	-	1
311660 CLAUDIO	1	-	-	-	1
311670 COIMBRA	1	-	-	-	1
311680 COLUNA	-	-	-	1	1
311710 CONCEICAO DA APARECIDA	1	-	-	-	1
311730 CONCEICAO DAS ALAGOAS	1	-	-	-	1
311750 CONCEICAO DO MATO DENTRO	1	-	-	-	1
311770 CONCEICAO DO RIO VERDE	1	-	1	1	3
311800 CONGONHAS	3	-	-	1	4
311830 CONSELHEIRO LAFAIETE	2	-	-	1	3
311840 CONSELHEIRO PENA	1	-	-	-	1
311860 CONTAGEM	22	-	-	5	27
311930 COROMANDEL	-	-	-	2	2
311940 CORONEL FABRICIANO	1	-	-	1	2
311950 CORONEL MURTA	1	-	-	-	1
312050 CRISTINA	-	-	-	1	1
312080 CRUZILIA	-	-	-	3	3
312090 CURVELO	5	-	-	3	8
312120 DELFINOPOLIS	1	-	-	-	1
312125 DELTA	1	-	-	-	1
312160 DIAMANTINA	5	-	-	3	8
312170 DIOGO DE VASCONCELOS	1	-	-	-	1
312200 DIVINO	1	-	-	-	1
312210 DIVINO DAS LARANJEIRAS	1	-	-	1	2
312220 DIVINOLANDIA DE MINAS	2	-	-	-	2
312230 DIVINOPOLIS	5	-	1	5	11
312360 ELOI MENDES	1	-	-	-	1
312410 ESMERALDAS	4	-	-	-	4
312420 ESPERA FELIZ	1	-	-	-	1
312430 ESPINOSA	1	-	-	-	1
312470 ESTRELA DO INDAIA	-	-	-	1	1
312560 FELISBURGO	-	-	-	2	2
312610 FORMIGA	-	-	-	2	2
312650 FRANCISCO BADARO	1	-	-	-	1
312670 FRANCISCO SA	2	-	-	1	3
312700 FRONTEIRA	2	-	-	-	2
312705 FRONTEIRA DOS VALES	1	-	-	-	1
312710 FRUTAL	2	-	-	-	2
312730 GALILEIA	1	-	-	-	1
312738 GOIANA	1	-	-	-	1
312770 GOVERNADOR VALADARES	10	-	-	3	13
312780 GRAO MOGOL	-	-	-	1	1
312800 GUANHAES	2	-	-	1	3
312830 GUARANESIA	-	-	1	-	1
312840 GUARANI	3	-	-	-	3
312850 GUARARA	1	-	-	-	1
312860 GUARDA-MOR	1	-	-	-	1
312870 GUAXUPE	5	-	1	1	7
312920 HELIODORA	1	-	-	-	1
312940 IBERTIOGA	1	-	-	-	1
312980 IBIRITE	13	-	-	1	14
313005 ICARAI DE MINAS	1	-	-	-	1
313010 IGARAPE	4	-	-	-	4
313040 IJACI	1	-	-	-	1
313050 ILICINEA	1	-	-	-	1
313065 INDAIABIRA	1	-	-	-	1
313070 INDIANOPOLIS	-	1	-	-	1
313120 IPANEMA	1	-	-	-	1
313130 IPATINGA	6	-	1	5	12
313150 IPUIUNA	1	-	-	-	1
313170 ITABIRA	2	-	1	-	3
313210 ITACARAMBI	2	-	-	1	3
313230 ITAIPE	1	-	-	1	2
313240 ITAJUBA	-	-	-	1	1
313250 ITAMARANDIBA	1	-	-	-	1
313270 ITAMBACURI	3	-	-	1	4
313300 ITAMONTE	-	-	-	3	3
313330 ITAOBIM	-	-	1	2	3
313360 ITAPEVA	1	-	-	-	1
313380 ITAUNA	3	-	-	3	6
313420 ITUIUTABA	-	-	-	5	5
313440 ITURAMA	3	-	-	-	3
313460 JABOTICATUBAS	1	-	-	-	1
313470 JACINTO	1	-	-	-	1
313480 JACUI	1	-	-	-	1
313490 JACUTINGA	3	-	-	-	3
313505 JAIBA	1	-	-	1	2
313510 JANAUBA	6	-	-	1	7
313520 JANUARIA	3	-	-	2	5
313530 JAPARAIBA	1	-	-	-	1
313535 JAPONVAR	2	-	-	-	2
313580 JEQUITINHONHA	1	-	-	1	2
313600 JOAIMA	2	-	1	3	6
313620 JOAO MONLEVADE	1	-	1	2	4
313630 JOAO PINHEIRO	1	-	-	1	2
313650 JORDANIA	-	-	-	1	1
313655 JOSE RAYDAN	1	-	-	-	1
313665 JUATUBA	1	-	-	-	1
313670 JUIZ DE FORA	15	-	2	2	19
313690 JURUAIA	1	-	-	-	1
313700 LADAINHA	1	-	-	-	1
313760 LAGOA SANTA	2	-	1	-	3
313770 LAJINHA	2	-	-	-	2
313780 LAMBARI	1	-	-	-	1
313800 LARANJAL	-	-	1	-	1
313810 LASSANCE	1	-	-	-	1
313820 LAVRAS	4	-	-	18	22
313840 LEOPOLDINA	2	-	-	1	3
313860 LIMA DUARTE	1	-	-	-	1
313880 LUZ	1	-	-	-	1
313890 MACHACALIS	1	-	-	-	1
313900 MACHADO	2	-	-	-	2
313920 MALACACHETA	4	-	-	1	5
313930 MANGA	3	-	-	2	5
313940 MANHUACU	9	-	1	1	11
313950 MANHUMIRIM	1	-	-	-	1
313970 MARAVILHAS	1	-	-	-	1
314000 MARIANA	8	-	1	-	9
314015 MARIO CAMPOS	1	-	-	-	1
314070 MATEUS LEME	1	-	-	-	1
314080 MATIAS BARBOSA	1	-	-	-	1
314085 MATIAS CARDOSO	2	-	-	-	2
314090 MATIPO	3	-	-	1	4
314100 MATO VERDE	1	-	-	1	2
314110 MATOZINHOS	1	-	-	-	1
314120 MATUTINA	1	-	-	-	1
314140 MEDINA	1	-	-	2	3
314180 MINAS NOVAS	6	-	-	1	7
314200 MIRABELA	2	-	-	-	2
314220 MIRAI	-	-	-	1	1
314290 MONTE AZUL	1	-	-	-	1
314310 MONTE CARMELO	4	-	-	1	5
314315 MONTE FORMOSO	1	-	-	-	1
314330 MONTES CLAROS	28	-	4	15	47
314340 MONTE SIAO	1	-	-	1	2
314390 MURIAE	3	-	-	-	3
314400 MUTUM	-	-	-	2	2
314410 MUZAMBINHO	2	-	-	-	2
314430 NANUQUE	4	-	-	7	11
314435 NAQUE	1	-	-	-	1
314460 NEPOMUCENO	1	-	-	1	2
314470 NOVA ERA	1	-	-	-	1
314480 NOVA LIMA	5	-	-	-	5
314520 NOVA SERRANA	3	-	-	2	5
314530 NOVO CRUZEIRO	2	-	-	-	2
314535 NOVO ORIENTE DE MINAS	1	-	-	-	1
314587 ORIZANIA	1	-	-	-	1
314590 OURO BRANCO	3	-	-	1	4
314600 OURO FINO	2	-	-	1	3
314610 OURO PRETO	2	-	-	-	2
314620 OURO VERDE DE MINAS	2	-	-	-	2
314630 PADRE PARAISO	2	-	-	-	2
314655 PAI PEDRO	1	-	-	-	1
314690 PAPAGAIOS	1	-	-	-	1
314700 PARACATU	5	-	-	-	5
314710 PARA DE MINAS	2	-	-	1	3
314740 PARAOPEBA	2	-	-	-	2
314760 PASSA QUATRO	-	-	-	3	3
314790 PASSOS	5	-	-	-	5
314795 PATIS	-	-	1	-	1
314800 PATOS DE MINAS	-	-	-	11	11
314810 PATROCINIO	1	-	-	1	2
314870 PEDRA AZUL	7	-	-	2	9
314875 PEDRA BONITA	1	-	-	-	1
314910 PEDRALVA	1	-	-	-	1
314915 PEDRAS DE MARIA DA CRUZ	2	-	-	-	2
314920 PEDRINOPOLIS	-	-	1	-	1
314930 PEDRO LEOPOLDO	1	-	-	1	2
314980 PERDIZES	1	-	-	-	1
314990 PERDOES	1	-	-	-	1
314995 PERIQUITO	1	-	-	-	1
315030 PIEDADE DO RIO GRANDE	1	-	-	-	1
315100 PIRANGUINHO	1	-	-	-	1
315120 PIRAPORA	6	-	-	3	9
315140 PITANGUI	3	-	-	-	3
315150 PIUMHI	2	-	-	-	2
315160 PLANURA	2	-	-	-	2
315180 POCOS DE CALDAS	1	-	-	-	1
315200 POMPEU	2	-	-	-	2
315210 PONTE NOVA	4	-	-	2	6
315213 PONTO CHIQUE	1	-	-	-	1
315220 PORTEIRINHA	-	-	-	1	1
315230 PORTO FIRME	1	-	-	-	1
315250 POUSO ALEGRE	8	-	-	-	8
315280 PRATA	1	-	-	-	1
315340 PRESIDENTE OLEGARIO	1	-	-	-	1
315360 PRUDENTE DE MORAIS	1	-	-	-	1
315370 QUARTEL GERAL	1	-	-	-	1
315400 RAUL SOARES	-	-	-	1	1
315420 RESENDE COSTA	-	-	-	1	1
315430 RESPLENDOR	1	-	-	4	5
315460 RIBEIRAO DAS NEVES	16	-	-	1	17
315490 RIO CASCA	1	-	-	-	1
315510 RIO DO PRADO	-	-	-	1	1
315520 RIO ESPERA	1	-	-	-	1
315560 RIO PARDO DE MINAS	-	-	1	-	1
315600 RIO VERMELHO	1	-	-	-	1
315670 SABARA	8	-	-	-	8
315680 SABINOPOLIS	3	-	-	2	5
315690 SACRAMENTO	1	-	-	-	1
315700 SALINAS	1	-	-	-	1
315720 SANTA BARBARA	1	-	-	1	2
315727 SANTA BARBARA DO MONTE VERDE	1	-	-	-	1
315730 SANTA BARBARA DO TUGURIO	2	-	-	-	2
315733 SANTA CRUZ DE MINAS	1	-	-	-	1
315770 SANTA JULIANA	1	-	-	-	1
315780 SANTA LUZIA	11	-	-	1	12
315820 SANTA MARIA DO SUACUI	1	-	-	2	3
315880 SANTANA DO JACARE	1	-	-	-	1
315890 SANTANA DO MANHUACU	1	-	-	-	1
315900 SANTANA DO RIACHO	1	-	-	-	1
315930 SANTA RITA DE JACUTINGA	-	-	-	1	1
315950 SANTA RITA DO ITUETO	1	-	-	-	1
315960 SANTA RITA DO SAPUCAI	1	-	-	-	1
315990 SANTO ANTONIO DO AMPARO	1	-	-	-	1
316020 SANTO ANTONIO DO ITAMBE	1	-	-	-	1
316045 SANTO ANTONIO DO RETIRO	1	-	-	-	1
316070 SANTOS DUMONT	1	1	-	2	4
316110 SAO FRANCISCO	5	-	-	2	7
316200 SAO GONCALO DO SAPUCAI	3	-	-	4	7
316210 SAO GOTARDO	2	-	1	-	3
316245 SAO JOAO DAS MISSOES	4	-	-	1	5
316250 SAO JOAO DEL REI	1	-	-	2	3
316270 SAO JOAO DO PARAISO	3	-	-	3	6
316280 SAO JOAO EVANGELISTA	2	-	1	2	5
316290 SAO JOAO NEPOMUCENO	3	-	2	-	5
316292 SAO JOAQUIM DE BICAS	1	-	-	-	1
316294 SAO JOSE DA BARRA	1	-	-	-	1
316295 SAO JOSE DA LAPA	1	-	-	-	1
316350 SAO JOSE DO JACURI	1	-	-	-	1
316370 SAO LOURENCO	-	-	-	5	5
316400 SAO PEDRO DOS FERROS	1	-	-	-	1
316420 SAO ROMAO	1	-	-	-	1
316470 SAO SEBASTIAO DO PARAISO	3	-	-	-	3
316553 SARZEDO	2	-	-	-	2
316555 SETUBINHA	1	-	-	-	1
316600 SENHORA DE OLIVEIRA	1	-	-	-	1
316630 SERICITA	2	-	-	-	2
316710 SERRO	2	-	-	1	3
316720 SETE LAGOAS	4	-	1	3	8
316760 SIMONESIA	1	-	-	-	1
316800 TAIOBEIRAS	1	-	-	3	4
316810 TAPIRA	1	-	-	-	1
316840 TARUMIRIM	1	-	-	-	1
316860 TEOFILO OTONI	18	-	-	4	22
316870 TIMOTEO	1	-	-	-	1
316880 TIRADENTES	1	-	-	-	1
316900 TOCANTINS	2	-	-	-	2
316910 TOLEDO	1	-	-	-	1
316920 TOMBOS	2	-	-	-	2
316930 TRES CORACOES	3	-	-	9	12
316935 TRES MARIAS	1	-	-	2	3
316940 TRES PONTAS	3	-	-	9	12
316950 TUMIRITINGA	1	-	-	1	2
316970 TURMALINA	-	-	-	1	1
316990 UBA	1	-	-	-	1
317010 UBERABA	7	-	-	2	9
317020 UBERLANDIA	9	-	-	2	11
317040 UNAI	5	-	-	-	5
317052 URUCUIA	1	-	-	-	1
317070 VARGINHA	5	-	2	9	16
317080 VARZEA DA PALMA	4	-	-	-	4
317090 VARZELANDIA	1	-	-	-	1
317107 VEREDINHA	1	-	-	-	1
317120 VESPASIANO	6	-	-	-	6
317130 VICOSA	4	-	-	-	4
317180 VIRGINOPOLIS	-	-	-	2	2
317200 VISCONDE DO RIO BRANCO	1	-	-	1	2
320120 CACHOEIRO DE ITAPEMIRIM	2	-	-	-	2
320130 CARIACICA	-	-	-	1	1
320150 COLATINA	1	-	-	-	1
320230 GUACUI	1	-	-	-	1
320240 GUARAPARI	1	-	-	-	1
320260 ICONHA	-	-	-	1	1
320350 MONTANHA	1	-	-	-	1
320390 NOVA VENECIA	1	-	-	-	1
320405 PEDRO CANARIO	1	-	-	-	1
320490 SAO MATEUS	1	-	-	-	1
320500 SERRA	1	-	-	-	1
320510 VIANA	1	-	-	-	1
320520 VILA VELHA	13	-	-	-	13
320530 VITORIA	2	-	1	-	3
330010 ANGRA DOS REIS	7	-	-	-	7
330020 ARARUAMA	3	-	2	1	6
330023 ARMACAO DOS BUZIOS	1	-	-	-	1
330025 ARRAIAL DO CABO	3	-	-	-	3
330030 BARRA DO PIRAI	2	-	-	-	2
330040 BARRA MANSA	2	-	-	1	3
330045 BELFORD ROXO	12	-	5	-	17
330070 CABO FRIO	15	-	-	1	16
330080 CACHOEIRAS DE MACACU	4	-	-	-	4
330100 CAMPOS DOS GOYTACAZES	11	-	-	4	15
330120 CARMO	-	-	-	3	3
330170 DUQUE DE CAXIAS	25	-	-	4	29
330185 GUAPIMIRIM	2	-	-	-	2
330190 ITABORAI	9	-	-	1	10
330200 ITAGUAI	2	-	1	-	3
330210 ITAOCARA	4	-	-	1	5
330220 ITAPERUNA	1	-	-	1	2
330227 JAPERI	6	-	1	-	7
330240 MACAE	1	-	-	4	5
330245 MACUCO	1	-	-	-	1
330250 MAGE	7	-	1	1	9
330260 MANGARATIBA	1	-	-	-	1
330270 MARICA	3	-	-	1	4
330285 MESQUITA	6	-	-	6	12
330290 MIGUEL PEREIRA	3	-	-	-	3
330300 MIRACEMA	2	-	1	1	4
330310 NATIVIDADE	1	-	-	1	2
330320 NILOPOLIS	4	-	-	-	4
330330 NITEROI	10	-	1	1	12
330340 NOVA FRIBURGO	5	-	1	-	6
330350 NOVA IGUACU	20	-	2	1	23
330380 PARATY	-	-	-	1	1
330390 PETROPOLIS	3	-	-	-	3
330395 PINHEIRAL	1	-	-	-	1
330400 PIRAI	2	-	-	-	2
330411 PORTO REAL	-	-	-	1	1
330414 QUEIMADOS	12	-	-	1	13
330415 QUISSAMA	-	1	-	-	1
330420 RESENDE	3	-	1	1	5
330430 RIO BONITO	2	-	-	-	2
330452 RIO DAS OSTRAS	1	-	-	1	2
330455 RIO DE JANEIRO	207	-	4	6	217
330470 SANTO ANTONIO DE PADUA	1	-	-	2	3
330475 SAO FRANCISCO DE ITABAPOANA	3	-	-	-	3
330490 SAO GONCALO	31	1	-	2	34
330510 SAO JOAO DE MERITI	18	-	2	3	23
330520 SAO PEDRO DA ALDEIA	1	-	-	2	3
330550 SAQUAREMA	-	-	-	2	2
330555 SEROPEDICA	2	-	-	1	3
330560 SILVA JARDIM	1	-	-	-	1
330580 TERESOPOLIS	1	-	-	-	1
330600 TRES RIOS	4	-	-	-	4
330615 VARRE-SAI	-	-	-	1	1
330630 VOLTA REDONDA	4	-	-	1	5
350010 ADAMANTINA	1	-	-	1	2
350060 AGUAS DE SAO PEDRO	1	-	-	-	1
350070 AGUDOS	3	-	-	2	5
350115 ALUMINIO	2	-	-	-	2
350160 AMERICANA	5	-	-	1	6
350170 AMERICO BRASILIENSE	1	-	-	-	1
350200 ANALANDIA	1	-	-	-	1
350210 ANDRADINA	1	-	-	-	1
350220 ANGATUBA	1	-	-	-	1
350250 APARECIDA	2	-	-	-	2
350275 ARACARIGUAMA	1	-	1	-	2
350280 ARACATUBA	13	-	-	-	13
350300 ARAMINA	1	-	-	-	1
350320 ARARAQUARA	2	-	-	1	3
350330 ARARAS	4	-	1	1	6
350390 ARUJA	3	-	-	6	9
350400 ASSIS	3	-	1	11	15
350410 ATIBAIA	2	-	-	1	3
350420 AURIFLAMA	1	-	-	-	1
350440 AVANHANDAVA	1	-	-	-	1
350450 AVARE	11	-	-	3	14
350510 BARBOSA	1	-	-	-	1
350530 BARRA BONITA	2	-	-	-	2
350540 BARRA DO TURVO	1	-	-	-	1
350550 BARRETOS	3	-	-	-	3
350560 BARRINHA	1	-	-	1	2
350570 BARUERI	8	-	-	2	10
350580 BASTOS	1	-	-	-	1
350590 BATATAIS	1	-	1	-	2
350600 BAURU	3	-	-	14	17
350635 BERTIOGA	2	-	1	1	4
350650 BIRIGUI	9	-	-	-	9
350700 BOITUVA	1	-	-	-	1
350710 BOM JESUS DOS PERDOES	-	-	-	1	1
350750 BOTUCATU	2	-	-	2	4
350760 BRAGANCA PAULISTA	3	-	-	1	4
350780 BRODOWSKI	1	-	-	-	1
350790 BROTAS	1	-	-	-	1
350800 BURI	3	-	-	-	3
350840 CABREUVA	1	-	-	-	1
350850 CACAPAVA	7	-	-	-	7
350860 CACHOEIRA PAULISTA	1	-	-	-	1
350870 CACONDE	-	-	-	1	1
350880 CAFELANDIA	-	-	1	1	2
350900 CAIEIRAS	-	-	-	3	3
350920 CAJAMAR	-	-	2	-	2
350925 CAJATI	1	-	-	-	1
350930 CAJOBI	1	-	-	-	1
350940 CAJURU	2	-	-	-	2
350945 CAMPINA DO MONTE ALEGRE	1	-	-	-	1
350950 CAMPINAS	18	-	1	13	32
350970 CAMPOS DO JORDAO	2	-	-	-	2
351000 CANDIDO MOTA	2	-	-	-	2
351020 CAPAO BONITO	1	-	-	-	1
351040 CAPIVARI	5	-	-	-	5
351050 CARAGUATATUBA	3	-	-	-	3
351060 CARAPICUIBA	5	-	-	-	5
351070 CARDOSO	1	-	-	-	1
351080 CASA BRANCA	1	-	-	-	1
351110 CATANDUVA	2	-	1	1	4
351140 CERQUEIRA CESAR	3	-	-	4	7
351150 CERQUILHO	1	-	-	-	1
351250 COROADOS	1	-	-	-	1
351280 COSMOPOLIS	1	-	-	1	2
351290 COSMORAMA	1	-	-	-	1
351300 COTIA	1	-	-	2	3
351310 CRAVINHOS	1	-	-	-	1
351340 CRUZEIRO	4	-	1	-	5
351350 CUBATAO	3	-	-	-	3
351380 DIADEMA	11	-	-	3	14
351390 DIVINOLANDIA	1	-	-	-	1
351410 DOIS CORREGOS	1	-	-	-	1
351440 DRACENA	1	-	-	-	1
351450 DUARTINA	2	-	-	-	2
351500 EMBU DAS ARTES	3	-	-	1	4
351510 EMBU-GUACU	2	-	-	-	2
351518 ESPIRITO SANTO DO PINHAL	-	-	-	1	1
351550 FERNANDOPOLIS	4	-	-	-	4
351570 FERRAZ DE VASCONCELOS	10	-	-	1	11
351600 FLORIDA PAULISTA	1	-	-	-	1
351620 FRANCA	7	-	1	5	13
351630 FRANCISCO MORATO	8	-	-	-	8
351640 FRANCO DA ROCHA	1	-	-	1	2
351650 GABRIEL MONTEIRO	1	-	-	-	1
351660 GALIA	1	-	-	-	1
351760 GUAPIARA	1	-	-	1	2
351770 GUARA	1	-	1	-	2
351780 GUARACAI	1	-	-	-	1
351810 GUARANTA	1	-	-	-	1
351840 GUARATINGUETA	4	-	-	2	6
351870 GUARUJA	9	-	3	12	24
351880 GUARULHOS	6	-	5	28	39
351890 GUZOLANDIA	1	-	-	-	1
351905 HOLAMBRA	-	-	1	-	1
351907 HORTOLANDIA	2	-	-	1	3
351920 IACRI	1	-	-	-	1
351960 IBITINGA	1	-	-	-	1
351970 IBIUNA	6	-	-	1	7
351990 IEPE	1	-	-	-	1
352000 IGARACU DO TIETE	1	-	-	-	1
352030 IGUAPE	1	-	-	-	1
352040 ILHABELA	1	-	-	-	1
352042 ILHA COMPRIDA	1	-	-	-	1
352044 ILHA SOLTEIRA	1	-	-	-	1
352050 INDAIATUBA	1	1	-	1	3
352090 IPAUSSU	2	-	-	1	3
352180 ITAI	1	-	-	1	2
352220 ITAPECERICA DA SERRA	5	-	-	1	6
352230 ITAPETININGA	4	-	-	-	4
352240 ITAPEVA	1	-	-	4	5
352250 ITAPEVI	3	-	-	1	4
352270 ITAPOLIS	1	-	-	-	1
352280 ITAPORANGA	-	-	-	1	1
352310 ITAQUAQUECETUBA	25	-	-	5	30
352320 ITARARE	4	-	-	-	4
352340 ITATIBA	1	-	1	-	2
352360 ITIRAPINA	1	-	-	-	1
352390 ITU	6	-	-	-	6
352400 ITUPEVA	1	-	-	-	1
352440 JACAREI	3	-	-	-	3
352460 JACUPIRANGA	2	-	-	-	2
352470 JAGUARIUNA	-	-	1	-	1
352480 JALES	2	-	-	-	2
352500 JANDIRA	1	-	-	-	1
352510 JARDINOPOLIS	1	-	-	-	1
352530 JAU	5	-	-	7	12
352550 JOANOPOLIS	1	-	-	-	1
352640 LARANJAL PAULISTA	1	-	-	-	1
352670 LEME	1	-	-	-	1
352690 LIMEIRA	8	-	1	1	10
352710 LINS	2	-	-	1	3
352720 LORENA	2	-	3	1	6
352740 LUCELIA	1	-	-	-	1
352770 LUIZIANIA	1	-	-	-	1
352800 MACATUBA	2	-	-	-	2
352810 MACAUBAL	1	-	-	-	1
352820 MACEDONIA	1	-	-	-	1
352840 MAIRINQUE	1	-	-	-	1
352850 MAIRIPORA	1	-	2	1	4
352860 MANDURI	2	-	-	-	2
352880 MARACAI	1	-	-	-	1
352900 MARILIA	4	-	-	2	6
352930 MATAO	3	-	-	-	3
352940 MAUA	-	-	-	2	2
352970 MIGUELOPOLIS	1	-	-	-	1
352980 MINEIROS DO TIETE	1	-	-	-	1
353010 MIRANDOPOLIS	2	-	-	-	2
353020 MIRANTE DO PARANAPANEMA	1	-	-	-	1
353050 MOCOCA	1	-	-	-	1
353060 MOGI DAS CRUZES	3	-	2	4	9
353070 MOGI GUACU	1	-	-	4	5
353130 MONTE ALTO	3	-	-	-	3
353140 MONTE APRAZIVEL	-	-	1	-	1
353150 MONTE AZUL PAULISTA	1	-	-	-	1
353180 MONTE MOR	5	-	-	-	5
353260 NHANDEARA	1	-	-	-	1
353282 NOVA CAMPINA	1	-	-	-	1
353290 NOVA EUROPA	1	-	-	-	1
353340 NOVA ODESSA	1	-	-	-	1
353350 NOVO HORIZONTE	-	-	-	1	1
353430 ORLANDIA	1	-	-	1	2
353440 OSASCO	6	-	-	2	8
353460 OSVALDO CRUZ	1	-	-	-	1
353470 OURINHOS	-	-	-	2	2
353490 PACAEMBU	2	-	-	-	2
353520 PALMEIRA D'OESTE	2	-	-	-	2
353530 PALMITAL	1	-	-	-	1
353540 PANORAMA	3	-	-	-	3
353550 PARAGUACU PAULISTA	1	-	-	-	1
353560 PARAIBUNA	1	-	-	-	1
353570 PARAISO	1	-	-	-	1
353600 PARAPUA	1	-	-	-	1
353620 PARIQUERA-ACU	-	-	-	1	1
353630 PATROCINIO PAULISTA	-	-	-	1	1
353640 PAULICEIA	3	-	-	-	3
353670 PEDERNEIRAS	-	-	-	1	1
353730 PENAPOLIS	5	-	-	1	6
353740 PEREIRA BARRETO	2	-	-	-	2
353760 PERUIBE	1	-	-	-	1
353770 PIACATU	1	-	-	-	1
353780 PIEDADE	1	-	-	1	2
353800 PINDAMONHANGABA	4	-	-	-	4
353860 PIRACAIA	1	-	-	-	1
353870 PIRACICABA	2	-	-	-	2
353880 PIRAJU	1	-	-	-	1
353890 PIRAJUI	1	-	-	-	1
353920 PIRAPOZINHO	1	-	-	-	1
353980 POA	6	-	-	-	6
354000 POMPEIA	2	-	-	-	2
354060 PORTO FELIZ	3	-	-	3	6
354070 PORTO FERREIRA	1	-	-	-	1
354080 POTIRENDABA	1	-	-	-	1
354100 PRAIA GRANDE	-	-	-	1	1
354130 PRESIDENTE EPITACIO	3	-	1	1	5
354140 PRESIDENTE PRUDENTE	4	-	-	2	6
354150 PRESIDENTE VENCESLAU	1	-	-	-	1
354160 PROMISSAO	1	-	-	-	1
354190 QUELUZ	1	-	-	-	1
354220 RANCHARIA	1	-	-	1	2
354230 REDENCAO DA SERRA	1	-	-	-	1
354260 REGISTRO	1	-	-	1	2
354290 RIBEIRAO BONITO	1	-	-	-	1
354300 RIBEIRAO BRANCO	4	-	-	-	4
354340 RIBEIRAO PRETO	8	-	1	2	11
354350 RIVERSUL	1	-	-	-	1
354380 RINOPOLIS	1	-	-	-	1
354390 RIO CLARO	6	-	-	-	6
354500 SALESOPOLIS	1	-	-	-	1
354510 SALMOURAO	1	-	-	-	1
354520 SALTO	1	-	-	1	2
354580 SANTA BARBARA D'OESTE	9	-	-	-	9
354640 SANTA CRUZ DO RIO PARDO	1	-	-	-	1
354680 SANTA ISABEL	3	-	-	1	4
354730 SANTANA DE PARNAIBA	2	-	-	-	2
354750 SANTA RITA DO PASSA QUATRO	2	-	-	-	2
354770 SANTO ANASTACIO	1	-	-	-	1
354780 SANTO ANDRE	3	-	-	-	3
354810 SANTO ANTONIO DO JARDIM	-	-	-	1	1
354820 SANTO ANTONIO DO PINHAL	1	-	-	-	1
354850 SANTOS	2	-	1	3	6
354870 SAO BERNARDO DO CAMPO	17	-	-	-	17
354880 SAO CAETANO DO SUL	-	-	-	1	1
354890 SAO CARLOS	4	-	1	-	5
354910 SAO JOAO DA BOA VISTA	1	-	-	2	3
354950 SAO JOSE DA BELA VISTA	-	1	-	-	1
354970 SAO JOSE DO RIO PARDO	2	-	1	1	4
354980 SAO JOSE DO RIO PRETO	4	-	2	4	10
354990 SAO JOSE DOS CAMPOS	13	-	-	5	18
355010 SAO MANUEL	1	-	-	-	1
355020 SAO MIGUEL ARCANJO	2	-	-	1	3
355030 SAO PAULO	456	-	8	13	477
355040 SAO PEDRO	1	-	-	-	1
355060 SAO ROQUE	2	-	-	-	2
355070 SAO SEBASTIAO	3	-	-	1	4
355080 SAO SEBASTIAO DA GRAMA	2	-	-	-	2
355090 SAO SIMAO	1	-	-	-	1
355100 SAO VICENTE	8	-	-	-	8
355140 SERRA AZUL	1	-	-	-	1
355150 SERRANA	1	-	-	-	1
355170 SERTAOZINHO	1	-	1	1	3
355190 SEVERINIA	1	-	-	-	1
355210 SOCORRO	-	-	1	-	1
355220 SOROCABA	8	-	-	1	9
355240 SUMARE	12	-	-	-	12
355250 SUZANO	6	-	-	-	6
355280 TABOAO DA SERRA	3	-	-	-	3
355300 TAGUAI	1	-	-	-	1
355370 TAQUARITINGA	1	-	-	-	1
355395 TARUMA	2	-	-	-	2
355400 TATUI	4	-	-	-	4
355410 TAUBATE	12	-	-	-	12
355430 TEODORO SAMPAIO	1	-	-	-	1
355440 TERRA ROXA	1	-	-	-	1
355450 TIETE	1	-	-	1	2
355470 TORRINHA	2	-	-	-	2
355480 TREMEMBE	2	-	-	-	2
355500 TUPA	-	-	-	1	1
355535 UBARANA	1	-	-	-	1
355540 UBATUBA	5	-	-	-	5
355620 VALINHOS	1	-	-	2	3
355640 VARGEM GRANDE DO SUL	-	-	-	1	1
355670 VINHEDO	1	-	-	-	1
355700 VOTORANTIM	4	-	-	-	4
355710 VOTUPORANGA	9	-	-	3	12
355720 CHAVANTES	1	-	1	-	2
410040 ALMIRANTE TAMANDARE	3	-	-	-	3
410080 ALVORADA DO SUL	-	-	-	1	1
410100 AMPERE	1	-	-	-	1
410120 ANTONINA	1	-	-	1	2
410140 APUCARANA	1	-	1	-	2
410150 ARAPONGAS	1	-	-	-	1
410160 ARAPOTI	1	-	-	-	1
410170 ARARUNA	-	-	-	1	1
410180 ARAUCARIA	2	-	-	1	3
410240 BANDEIRANTES	1	-	-	-	1
410370 CAMBE	1	-	-	-	1
410400 CAMPINA GRANDE DO SUL	6	-	1	1	8
410420 CAMPO LARGO	7	-	1	3	11
410430 CAMPO MOURAO	-	-	-	1	1
410440 CANDIDO DE ABREU	1	-	-	-	1
410450 CAPANEMA	1	-	-	-	1
410470 CARLOPOLIS	1	-	-	1	2
410480 CASCAVEL	3	-	1	-	4
410490 CASTRO	4	-	-	-	4
410510 CENTENARIO DO SUL	1	-	-	-	1
410520 CERRO AZUL	1	-	-	-	1
410550 CIANORTE	-	-	1	-	1
410570 CLEVELANDIA	2	-	-	-	2
410580 COLOMBO	9	-	-	-	9
410640 CORNELIO PROCOPIO	-	-	-	1	1
410650 CORONEL VIVIDA	2	-	-	-	2
410655 CORUMBATAI DO SUL	1	-	-	-	1
410690 CURITIBA	13	-	4	1	18
410720 DOIS VIZINHOS	1	-	-	-	1
410760 FAXINAL	1	-	-	-	1
410765 FAZENDA RIO GRANDE	5	-	-	-	5
410830 FOZ DO IGUACU	13	-	-	2	15
410832 FRANCISCO ALVES	1	-	-	-	1
410840 FRANCISCO BELTRAO	3	-	-	-	3
410870 GRANDES RIOS	2	-	-	1	3
410880 GUAIRA	2	-	-	1	3
410940 GUARAPUAVA	16	-	-	-	16
410960 GUARATUBA	2	-	-	-	2
410970 IBAITI	2	-	-	-	2
411040 INDIANOPOLIS	-	-	-	1	1
411070 IRATI	1	-	-	1	2
411095 ITAIPULANDIA	1	-	-	-	1
411120 ITAPEJARA D'OESTE	1	-	-	-	1
411125 ITAPERUCU	4	-	-	1	5
411150 IVAIPORA	1	-	-	1	2
411190 JAGUAPITA	1	-	-	-	1
411200 JAGUARIAIVA	1	-	-	1	2
411210 JANDAIA DO SUL	2	-	-	-	2
411270 JATAIZINHO	1	-	-	-	1
411280 JOAQUIM TAVORA	2	-	-	-	2
411320 LAPA	1	-	1	-	2
411330 LARANJEIRAS DO SUL	1	-	-	1	2
411350 LOANDA	-	-	-	1	1
411370 LONDRINA	5	-	-	1	6
411373 LUIZIANA	1	-	-	-	1
411430 MANDIRITUBA	1	-	1	-	2
411440 MANGUEIRINHA	3	-	-	-	3
411520 MARINGA	3	-	-	1	4
411540 MARMELEIRO	1	-	-	-	1
411570 MATINHOS	3	-	-	-	3
411700 NOVA FATIMA	-	-	1	-	1
411705 NOVA LARANJEIRAS	1	-	-	-	1
411727 NOVA TEBAS	-	-	1	-	1
411730 ORTIGUEIRA	1	-	-	-	1
411745 OURO VERDE DO OESTE	-	-	-	1	1
411760 PALMAS	1	-	-	-	1
411820 PARANAGUA	5	-	-	-	5
411840 PARANAVAI	3	-	-	1	4
411850 PATO BRANCO	-	-	-	5	5
411870 PAULO FRONTIN	1	-	-	-	1
411915 PINHAIS	6	-	-	-	6
411930 PINHAO	2	-	-	-	2
411940 PIRAI DO SUL	4	-	-	-	4
411950 PIRAQUARA	4	-	-	-	4
411960 PITANGA	3	-	-	-	3
411990 PONTA GROSSA	27	1	1	2	31
411995 PONTAL DO PARANA	1	-	-	-	1
412060 PRUDENTOPOLIS	1	-	-	-	1
412090 QUEDAS DO IGUACU	1	-	-	-	1
412100 QUERENCIA DO NORTE	1	-	-	-	1
412170 RESERVA	2	-	-	-	2
412175 RESERVA DO IGUACU	1	-	-	-	1
412190 RIBEIRAO DO PINHAL	2	-	-	1	3
412200 RIO AZUL	1	-	-	-	1
412215 RIO BONITO DO IGUACU	1	-	-	-	1
412220 RIO BRANCO DO SUL	1	-	-	-	1
412240 ROLANDIA	2	-	-	-	2
412350 SANTA HELENA	2	-	-	-	2
412410 SANTO ANTONIO DA PLATINA	1	-	-	1	2
412440 SANTO ANTONIO DO SUDOESTE	1	-	-	-	1
412520 SAO JORGE D'OESTE	1	-	-	-	1
412550 SAO JOSE DOS PINHAIS	1	-	-	2	3
412560 SAO MATEUS DO SUL	1	-	-	-	1
412570 SAO MIGUEL DO IGUACU	1	-	-	-	1
412625 SARANDI	1	-	-	-	1
412630 SENGES	2	-	-	-	2
412710 TELEMACO BORBA	2	-	-	1	3
412750 TIBAGI	1	-	-	-	1
412770 TOLEDO	2	-	-	-	2
412800 UBIRATA	1	-	-	-	1
412810 UMUARAMA	-	-	-	2	2
412820 UNIAO DA VITORIA	1	-	-	1	2
412850 WENCESLAU BRAZ	3	-	-	-	3
412853 VENTANIA	1	-	-	1	2
412860 VERE	1	-	-	-	1
412862 ALTO PARAISO	1	-	-	-	1
420130 ARAQUARI	1	-	-	-	1
420140 ARARANGUA	2	-	-	-	2
420150 ARMAZEM	1	-	-	-	1
420200 BALNEARIO CAMBORIU	1	-	-	1	2
420210 BARRA VELHA	1	-	-	-	1
420240 BLUMENAU	3	-	-	-	3
420245 BOMBINHAS	1	-	-	-	1
420250 BOM JARDIM DA SERRA	-	1	-	-	1
420260 BOM RETIRO	2	-	-	-	2
420280 BRACO DO NORTE	1	-	-	-	1
420290 BRUSQUE	1	-	-	-	1
420300 CACADOR	1	-	1	2	4
420320 CAMBORIU	4	-	-	-	4
420330 CAMPO ALEGRE	1	-	-	-	1
420340 CAMPO BELO DO SUL	1	-	-	-	1
420350 CAMPO ERE	1	-	-	-	1
420360 CAMPOS NOVOS	3	-	-	1	4
420380 CANOINHAS	2	-	-	1	3
420415 CELSO RAMOS	1	-	-	-	1
420420 CHAPECO	3	-	-	3	6
420430 CONCORDIA	2	-	-	-	2
420450 CORUPA	1	-	-	-	1
420455 CORREIA PINTO	1	-	-	-	1
420460 CRICIUMA	-	-	1	3	4
420480 CURITIBANOS	6	-	-	1	7
420500 DIONISIO CERQUEIRA	1	-	-	-	1
420515 DOUTOR PEDRINHO	1	-	-	-	1
420530 FAXINAL DOS GUEDES	2	-	-	-	2
420540 FLORIANOPOLIS	9	-	-	2	11
420570 GAROPABA	1	-	-	-	1
420580 GARUVA	1	-	-	-	1
420630 GUABIRUBA	1	-	-	-	1
420690 IBIRAMA	1	-	-	-	1
420730 IMBITUBA	-	-	1	-	1
420750 INDAIAL	4	-	-	-	4
420790 IRINEOPOLIS	1	-	-	-	1
420810 ITAIOPOLIS	2	-	-	-	2
420820 ITAJAI	2	-	-	1	3
420845 ITAPOA	2	-	1	-	3
420890 JARAGUA DO SUL	5	-	-	2	7
420900 JOACABA	3	-	1	2	6
420910 JOINVILLE	10	-	3	1	14
420930 LAGES	11	-	2	8	21
421010 MAFRA	-	-	-	1	1
421050 MARAVILHA	-	-	1	1	2
421090 MODELO	1	-	-	-	1
421110 MONTE CASTELO	1	-	-	-	1
421120 MORRO DA FUMACA	-	-	-	1	1
421130 NAVEGANTES	2	-	-	2	4
421175 OTACILIO COSTA	3	-	-	-	3
421210 PALMITOS	1	-	-	-	1
421220 PAPANDUVA	1	-	-	1	2
421250 PENHA	1	-	-	-	1
421280 BALNEARIO PICARRAS	1	-	-	1	2
421320 POMERODE	1	-	-	1	2
421400 PRESIDENTE GETULIO	-	-	-	1	1
421420 QUILOMBO	-	-	-	2	2
421440 RIO DAS ANTAS	2	-	-	-	2
421470 RIO DOS CEDROS	1	-	-	-	1
421480 RIO DO SUL	1	-	1	2	4
421500 RIO NEGRINHO	1	-	-	1	2
421530 SALETE	1	-	-	-	1
421580 SAO BENTO DO SUL	6	-	-	1	7
421625 SAO JOAO DO OESTE	1	-	-	-	1
421650 SAO JOAQUIM	3	-	-	1	4
421660 SAO JOSE	3	-	-	-	3
421680 SAO JOSE DO CERRITO	1	-	-	-	1
421720 SAO MIGUEL DO OESTE	2	-	-	1	3
421770 SOMBRIO	2	-	-	-	2
421800 TIJUCAS	-	-	-	2	2
421830 TRES BARRAS	1	-	-	-	1
421870 TUBARAO	6	-	-	-	6
421880 TURVO	2	-	-	-	2
421890 URUBICI	3	-	-	-	3
421930 VIDEIRA	2	-	-	-	2
421950 XANXERE	1	-	-	3	4
430010 AGUDO	1	-	-	-	1
430060 ALVORADA	4	-	-	-	4
430100 ARROIO DO MEIO	-	-	-	1	1
430105 ARROIO DO SAL	1	-	-	-	1
430107 ARROIO DO PADRE	2	-	-	-	2
430160 BAGE	-	-	1	-	1
430163 BALNEARIO PINHAL	1	-	-	-	1
430190 BARRA DO RIBEIRO	1	-	-	-	1
430200 BARROS CASSAL	1	-	-	-	1
430245 BOQUEIRAO DO LEAO	1	-	-	1	2
430280 CACAPAVA DO SUL	-	-	-	2	2
430300 CACHOEIRA DO SUL	-	-	-	1	1
430310 CACHOEIRINHA	7	-	1	-	8
430350 CAMAQUA	3	-	-	-	3
430390 CAMPO BOM	-	-	-	1	1
430420 CANDELARIA	2	-	-	-	2
430450 CANGUCU	1	-	-	-	1
430460 CANOAS	18	-	-	-	18
430463 CAPAO DA CANOA	2	-	-	-	2
430466 CAPAO DO LEAO	1	-	-	-	1
430510 CAXIAS DO SUL	7	-	-	-	7
430535 CHARQUEADAS	1	-	-	-	1
430610 CRUZ ALTA	2	-	-	1	3
430630 DAVID CANABARRO	1	-	-	-	1
430640 DOIS IRMAOS	1	-	-	-	1
430676 ELDORADO DO SUL	2	-	-	-	2
430680 ENCANTADO	1	-	-	-	1
430690 ENCRUZILHADA DO SUL	-	-	-	1	1
430700 ERECHIM	1	-	-	2	3
430760 ESTANCIA VELHA	1	-	-	-	1
430770 ESTEIO	1	-	-	-	1
430790 FARROUPILHA	1	-	-	-	1
430910 GRAMADO	1	-	-	-	1
430920 GRAVATAI	12	-	-	-	12
430930 GUAIBA	4	-	-	-	4
430940 GUAPORE	-	-	-	1	1
431000 IBIRUBA	1	-	-	1	2
431010 IGREJINHA	1	-	-	-	1
431020 IJUI	2	-	-	-	2
431033 IMBE	1	-	-	-	1
431060 ITAQUI	2	-	-	-	2
431100 JAGUARAO	2	-	-	-	2
431112 JAQUIRANA	1	-	-	-	1
431130 LAGOA VERMELHA	1	-	-	-	1
431140 LAJEADO	-	-	-	1	1
431180 MARAU	-	-	-	1	1
431240 MONTENEGRO	1	-	2	-	3
431270 NONOAI	2	-	-	-	2
431330 NOVA PRATA	1	-	-	1	2
431337 NOVA SANTA RITA	1	-	-	-	1
431340 NOVO HAMBURGO	4	-	2	1	7
431350 OSORIO	1	-	-	-	1
431370 PALMEIRA DAS MISSOES	2	-	-	2	4
431400 PARAI	1	-	-	-	1
431405 PAROBE	4	-	-	1	5
431440 PELOTAS	15	-	1	-	16
431450 PINHEIRO MACHADO	2	-	-	-	2
431480 PORTAO	1	-	-	-	1
431490 PORTO ALEGRE	56	-	1	1	58
431540 REDENTORA	1	-	-	-	1
431560 RIO GRANDE	4	-	-	-	4
431570 RIO PARDO	1	-	-	-	1
431640 ROSARIO DO SUL	1	-	-	-	1
431645 SALTO DO JACUI	1	-	-	-	1
431690 SANTA MARIA	3	-	-	2	5
431700 SANTANA DA BOA VISTA	1	-	-	-	1
431710 SANT'ANA DO LIVRAMENTO	1	-	-	5	6
431720 SANTA ROSA	1	-	-	1	2
431730 SANTA VITORIA DO PALMAR	-	-	-	1	1
431740 SANTIAGO	2	-	-	-	2
431760 SANTO ANTONIO DA PATRULHA	1	-	-	-	1
431800 SAO BORJA	4	-	-	1	5
431820 SAO FRANCISCO DE PAULA	2	-	-	-	2
431830 SAO GABRIEL	2	-	-	-	2
431850 SAO JOSE DO NORTE	1	-	-	-	1
431870 SAO LEOPOLDO	5	-	-	1	6
431880 SAO LOURENCO DO SUL	-	-	1	-	1
431900 SAO MARCOS	-	-	1	-	1
431940 SAO PEDRO DO SUL	1	-	-	-	1
431950 SAO SEBASTIAO DO CAI	1	-	-	1	2
431960 SAO SEPE	1	-	-	-	1
431990 SAPIRANGA	1	-	-	-	1
432000 SAPUCAIA DO SUL	4	-	-	-	4
432020 SEBERI	1	-	-	-	1
432110 TAPES	1	-	1	1	3
432120 TAQUARA	1	-	-	-	1
432130 TAQUARI	1	-	-	-	1
432140 TENENTE PORTELA	1	-	-	-	1
432143 TERRA DE AREIA	1	-	-	-	1
432160 TRAMANDAI	1	-	1	-	2
432180 TRES DE MAIO	2	-	-	-	2
432190 TRES PASSOS	-	-	-	1	1
432200 TRIUNFO	-	-	-	1	1
432220 TUPANCIRETA	2	-	-	1	3
432240 URUGUAIANA	6	-	1	1	8
432250 VACARIA	3	-	-	1	4
432260 VENANCIO AIRES	2	-	-	1	3
432280 VERANOPOLIS	-	-	-	1	1
432300 VIAMAO	10	-	-	-	10
432380 XANGRI-LA	1	-	-	-	1
500020 AGUA CLARA	1	-	-	-	1
500060 AMAMBAI	4	-	-	-	4
500090 ANTONIO JOAO	1	-	-	-	1
500100 APARECIDA DO TABOADO	1	-	-	-	1
500110 AQUIDAUANA	1	-	-	-	1
500190 BATAGUASSU	1	-	-	1	2
500210 BELA VISTA	1	-	-	-	1
500240 CAARAPO	2	-	-	-	2
500260 CAMAPUA	-	-	-	1	1
500270 CAMPO GRANDE	33	-	2	3	38
500320 CORUMBA	5	1	-	6	12
500325 COSTA RICA	-	-	-	1	1
500330 COXIM	1	-	-	-	1
500370 DOURADOS	2	-	-	1	3
500375 ELDORADO	-	-	-	1	1
500430 IGUATEMI	3	-	-	-	3
500460 ITAQUIRAI	1	-	-	-	1
500470 IVINHEMA	1	-	-	1	2
500480 JAPORA	1	-	-	-	1
500510 JATEI	1	-	-	-	1
500515 JUTI	-	-	1	1	2
500520 LADARIO	1	-	-	-	1
500540 MARACAJU	4	-	-	-	4
500560 MIRANDA	2	-	1	-	3
500568 MUNDO NOVO	1	-	-	-	1
500570 NAVIRAI	4	-	-	1	5
500620 NOVA ANDRADINA	3	-	-	-	3
500625 NOVO HORIZONTE DO SUL	1	-	-	-	1
500635 PARANHOS	3	-	-	1	4
500660 PONTA PORA	1	-	1	-	2
500690 PORTO MURTINHO	1	-	-	-	1
500710 RIBAS DO RIO PARDO	1	-	-	-	1
500720 RIO BRILHANTE	1	-	-	-	1
500770 SETE QUEDAS	2	-	-	-	2
500780 SELVIRIA	2	-	-	-	2
500790 SIDROLANDIA	1	-	-	-	1
500795 TACURU	3	-	-	-	3
500830 TRES LAGOAS	1	-	-	2	3
510020 AGUA BOA	5	-	4	3	12
510025 ALTA FLORESTA	4	-	-	-	4
510030 ALTO ARAGUAIA	-	-	-	1	1
510060 ALTO TAQUARI	1	-	-	-	1
510125 ARAPUTANGA	1	-	-	-	1
510140 ARIPUANA	-	-	-	1	1
510170 BARRA DO BUGRES	1	-	-	1	2
510180 BARRA DO GARCAS	9	-	1	2	12
510185 BOM JESUS DO ARAGUAIA	2	-	-	-	2
510250 CACERES	7	-	1	1	9
510260 CAMPINAPOLIS	4	-	-	2	6
510267 CAMPO VERDE	-	-	2	-	2
510269 CANABRAVA DO NORTE	1	-	-	-	1
510270 CANARANA	3	-	-	-	3
510300 CHAPADA DOS GUIMARAES	1	-	-	-	1
510320 COLIDER	1	-	-	-	1
510325 COLNIZA	2	-	-	3	5
510330 COMODORO	3	-	-	2	5
510335 CONFRESA	6	-	1	3	10
510340 CUIABA	17	-	4	20	41
510350 DIAMANTINO	-	-	-	1	1
510370 FELIZ NATAL	2	-	-	-	2
510380 FIGUEIROPOLIS D'OESTE	1	-	-	-	1
510385 GAUCHA DO NORTE	2	-	-	-	2
510390 GENERAL CARNEIRO	1	-	-	-	1
510410 GUARANTA DO NORTE	3	-	-	1	4
510480 JACIARA	1	-	-	-	1
510510 JUARA	-	-	-	3	3
510515 JUINA	1	-	-	-	1
510523 LAMBARI D'OESTE	1	-	-	-	1
510525 LUCAS DO RIO VERDE	2	-	-	3	5
510550 VILA BELA DA SANTISSIMA TRINDADE	1	-	-	-	1
510558 MARCELANDIA	1	-	-	-	1
510590 NOBRES	1	-	-	-	1
510618 NOVA LACERDA	1	-	-	-	1
510622 NOVA MUTUM	1	-	-	-	1
510623 NOVA OLIMPIA	1	-	-	-	1
510624 NOVA UBIRATA	1	-	-	-	1
510625 NOVA XAVANTINA	1	-	-	1	2
510630 PARANATINGA	-	-	1	-	1
510631 NOVO SANTO ANTONIO	2	-	-	-	2
510637 PEDRA PRETA	2	-	-	-	2
510642 PEIXOTO DE AZEVEDO	4	-	2	-	6
510650 POCONE	3	-	-	-	3
510675 PONTES E LACERDA	4	-	1	1	6
510682 PORTO ESPERIDIAO	1	-	-	-	1
510700 POXOREO	1	-	2	-	3
510704 PRIMAVERA DO LESTE	2	-	-	2	4
510706 QUERENCIA	2	-	-	-	2
510718 RIBEIRAO CASCALHEIRA	4	-	-	1	5
510730 SAO JOSE DO RIO CLARO	2	-	-	1	3
510735 SAO JOSE DO XINGU	1	-	-	-	1
510760 RONDONOPOLIS	38	-	1	-	39
510779 SANTO ANTONIO DO LESTE	-	-	1	-	1
510785 SAO FELIX DO ARAGUAIA	2	-	-	3	5
510787 SAPEZAL	-	-	-	3	3
510790 SINOP	4	-	-	2	6
510792 SORRISO	7	-	-	2	9
510795 TANGARA DA SERRA	3	-	-	1	4
510800 TAPURAH	1	-	-	-	1
510835 VALE DE SAO DOMINGOS	1	-	-	-	1
510840 VARZEA GRANDE	12	-	5	-	17
510860 VILA RICA	5	-	-	1	6
510895 NOVA MONTE VERDE	1	-	-	-	1
520025 AGUAS LINDAS DE GOIAS	14	-	1	-	15
520055 ALTO HORIZONTE	1	-	-	-	1
520080 ALVORADA DO NORTE	1	-	-	-	1
520085 AMERICANO DO BRASIL	-	-	-	1	1
520110 ANAPOLIS	-	-	-	9	9
520140 APARECIDA DE GOIANIA	6	-	-	3	9
520150 APORE	1	-	-	-	1
520170 ARAGARCAS	1	-	-	-	1
520215 ARAGUAPAZ	1	-	-	-	1
520250 ARUANA	1	-	-	-	1
520330 BELA VISTA DE GOIAS	3	-	-	-	3
520350 BOM JESUS DE GOIAS	2	-	-	-	2
520440 CAIAPONIA	2	-	-	-	2
520450 CALDAS NOVAS	4	-	-	3	7
520490 CAMPOS BELOS	1	-	1	2	4
520510 CATALAO	-	-	-	1	1
520530 CAVALCANTE	2	-	-	-	2
520540 CERES	-	-	-	1	1
520549 CIDADE OCIDENTAL	5	-	-	-	5
520551 COCALZINHO DE GOIAS	2	-	-	-	2
520590 CORUMBAIBA	1	-	-	-	1
520620 CRISTALINA	3	-	-	-	3
520753 FAINA	2	-	-	-	2
520800 FORMOSA	4	-	-	2	6
520815 GAMELEIRA DE GOIAS	1	-	-	-	1
520830 DIVINOPOLIS DE GOIAS	1	-	-	1	2
520840 GOIANAPOLIS	1	-	-	-	1
520860 GOIANESIA	-	-	-	2	2
520870 GOIANIA	18	-	2	34	54
520890 GOIAS	-	-	-	1	1
520910 GOIATUBA	-	-	1	1	2
520970 HIDROLANDIA	-	-	-	1	1
520990 IACIARA	1	-	-	1	2
521010 IPAMERI	-	-	-	1	1
521020 IPORA	1	-	-	-	1
521090 ITAPACI	-	-	-	1	1
521140 ITAUCU	1	-	-	-	1
521150 ITUMBIARA	1	-	-	-	1
521180 JARAGUA	2	-	-	-	2
521190 JATAI	3	-	-	3	6
521205 JESUPOLIS	1	-	-	-	1
521250 LUZIANIA	6	-	-	-	6
521270 MAMBAI	1	-	-	-	1
521308 MINACU	3	-	-	-	3
521310 MINEIROS	3	-	-	3	6
521350 MONTE ALEGRE DE GOIAS	-	1	-	-	1
521380 MORRINHOS	1	-	-	1	2
521400 MOZARLANDIA	1	-	-	-	1
521460 NIQUELANDIA	1	-	1	2	4
521483 NOVA CRIXAS	1	-	-	-	1
521523 NOVO GAMA	5	-	1	-	6
521570 PALMEIRAS DE GOIAS	1	-	-	1	2
521680 PETROLINA DE GOIAS	1	-	-	-	1
521740 PIRES DO RIO	2	-	-	-	2
521760 PLANALTINA	5	-	-	2	7
521800 PORANGATU	3	-	-	-	3
521810 PORTELANDIA	1	-	-	-	1
521830 POSSE	6	-	-	2	8
521850 QUIRINOPOLIS	-	-	-	3	3
521880 RIO VERDE	2	-	2	5	9
521910 SANTA BARBARA DE GOIAS	-	-	-	1	1
521920 SANTA CRUZ DE GOIAS	1	-	-	-	1
521930 SANTA HELENA DE GOIAS	1	-	-	-	1
521950 SANTA ROSA DE GOIAS	-	-	1	-	1
521960 SANTA TEREZA DE GOIAS	1	-	-	-	1
521971 SANTO ANTONIO DA BARRA	1	-	-	-	1
521975 SANTO ANTONIO DO DESCOBERTO	3	-	-	-	3
521980 SAO DOMINGOS	-	-	-	1	1
522000 SAO JOAO D'ALIANCA	1	-	-	1	2
522020 SAO MIGUEL DO ARAGUAIA	4	-	-	-	4
522026 SAO MIGUEL DO PASSA QUATRO	1	-	-	-	1
522040 SAO SIMAO	1	-	-	1	2
522045 SENADOR CANEDO	2	1	-	-	3
522060 SILVANIA	1	-	-	-	1
522140 TRINDADE	2	-	-	-	2
522160 URUACU	-	-	1	-	1
522185 VALPARAISO DE GOIAS	13	-	-	-	13
522220 VILA BOA	-	-	1	-	1
530010 BRASILIA	36	-	6	4	46
