CNES,Estabelecimento,Municipios,Existentes,SUS,Estado
2000296,HOSPITAL DA MULHER E DA CRIANCA DO JURUA,CRUZEIRO DO SUL,8,0,ACRE
2002078,HOSPITAL SANTA JULIANA,RIO BRANCO,6,6,ACRE
2000733,MATERNIDADE E CLINICAS DE MULHERES BARBARA HELIODORA,RIO BRANCO,10,10,ACRE
6497314,SANTA CASA,RIO BRANCO,2,0,ACRE
2005417,CHAMA,ARAPIRACA,10,10,ALAGOAS
2005026,HOSPITAL NOSSA SRA DE FATIMA LTDA,ARAPIRACA,10,10,ALAGOAS
2005050,HOSPITAL REGIONAL DE ARAPIRACA,ARAPIRACA,5,4,ALAGOAS
0806285,HOSPITAL REGIONAL DO ALTO SERTAO,DELMIRO GOUVEIA,10,0,ALAGOAS
2006340,CASA DE SAUDE SANTO ANTONIO,MACEIO,14,14,ALAGOAS
9923837,HOSPITAL DA MULHER DRA NISE DA SILVEIRA,MACEIO,8,8,ALAGOAS
6782477,HOSPITAL GERAL E MATERNIDADE ALERTA MEDICO,MACEIO,9,0,ALAGOAS
6303153,HOSPITAL NOSSA SENHORA DA GUIA,MACEIO,8,8,ALAGOAS
2006421,HOSPITAL ORTOPEDICO DE MACEIO,MACEIO,1,0,ALAGOAS
2006197,HOSPITAL UNIVERSITARIO PROF ALBERTO ANTUNES,MACEIO,20,19,ALAGOAS
2009250,MATERNIDADE ESCOLA SANTA MONICA,MACEIO,27,27,ALAGOAS
2003775,SANTA CASA DE MISERICORDIA DE PENEDO,PENEDO,8,8,ALAGOAS
7042671,HOSPITAL REGIONAL DO NORTE,PORTO CALVO,10,0,ALAGOAS
2720043,HOSPITAL GERAL PROF IB GATTO FALCAO,RIO LARGO,8,8,ALAGOAS
5616298,HOSPITAL REGIONAL DR CLODOLFO RODRIGUES DE MELO,SANTANA DO IPANEMA,10,10,ALAGOAS
2010151,SANTA CASA DE MISERICORDIA DE SAO MIGUEL DOS CAMPOS,SAO MIGUEL DOS CAMPOS,6,6,ALAGOAS
2012618,UNIDADE HOSPITALAR DE LABREA,LABREA,2,0,AMAZONAS
6627595,INSTITUTO DA MULHER DONA LINDU,MANAUS,15,15,AMAZONAS
2013029,MATERNIDADE ALVORADA,MANAUS,4,4,AMAZONAS
3004104,MATERNIDADE AZILDA DA SILVA MARREIRO,MANAUS,5,5,AMAZONAS
2019558,MATERNIDADE BALBINA MESTRINHO,MANAUS,20,20,AMAZONAS
3151794,MATERNIDADE DE REFERENCIA ANA BRAGA,MANAUS,20,20,AMAZONAS
2017318,MATERNIDADE DONA NAZIRA DAOU,MANAUS,4,4,AMAZONAS
2012480,MATERNIDADE MUNICIPAL DR MOURA TAPAJOZ,MANAUS,5,5,AMAZONAS
7459831,MATERNIDADE ENFERMEIRA CELINA VILLACREZ RUIZ,TABATINGA,3,0,AMAZONAS
2016141,HOSPITAL REGIONAL DE TEFE,TEFE,5,0,AMAZONAS
2020076,SES AP HOSPITAL ESTADUAL DE LARANJAL DO JARI,LARANJAL DO JARI,3,3,AMAPA
2020068,SES AP HOSPITAL DA MULHER,MACAPA,36,36,AMAPA
2906635,SES AP MATERNIDADE ZONA NORTE DRA EUCLELIA AMERICO,MACAPA,4,2,AMAPA
2021064,SES AP HOSPITAL ESTADUAL DE SANTANA,SANTANA,3,3,AMAPA
3972925,HOSPITAL DO OESTE,BARREIRAS,10,10,BAHIA
4022718,HOSPITAL MUNICIPAL CARMELA DUTRA,BOM JESUS DA LAPA,10,0,BAHIA
2388057,HOSPITAL GERAL DE CAMACARI,CAMACARI,11,11,BAHIA
3821978,MATERNIDADE REGIONAL DE CAMACARI,CAMACARI,10,0,BAHIA
2799839,HOSPITAL SAO FRANCISCO,CAMPO FORMOSO,6,6,BAHIA
6602533,HOSPITAL ESTADUAL DA CRIANCA,FEIRA DE SANTANA,18,0,BAHIA
2799278,HOSPITAL INACIA PINTO DOS SANTOS,FEIRA DE SANTANA,7,7,BAHIA
2804034,HOSPITAL GERAL DE GUANAMBI,GUANAMBI,10,0,BAHIA
2602105,HOSPITAL MUNICIPAL ARLETE MARON DE MAGALHAES,IBICARAI,3,0,BAHIA
2415844,HOSPITAL MATERNO INFANTIL DOUTOR JOAQUIM SAMPAIO,ILHEUS,10,0,BAHIA
2802112,HOSPITAL SAO JOSE MATERNIDADE SANTA HELENA,ILHEUS,6,0,BAHIA
2525569,HOSPITAL MANOEL NOVAES,ITABUNA,12,10,BAHIA
6923356,SANTA CASA DE MISERICORDIA SAO JUDAS TADEU,JEQUIE,5,0,BAHIA
4028414,MATERNIDADE MUNICIPAL DR GILENO DE SA OLIVEIRA,LUIS EDUARDO MAGALHAES,4,0,BAHIA
3289826,HOSPITAL MUNICIPAL DR EDUARDO RIBEIRO BAHIANA,MADRE DE DEUS,1,0,BAHIA
2533480,HOSPITAL NAIR ALVES DE SOUZA,PAULO AFONSO,7,7,BAHIA
2802090,HOSPITAL REGIONAL DEPUTADO LUIS EDUARDO MAGALHAES,PORTO SEGURO,10,0,BAHIA
2799790,HOSPITAL GERAL SANTA TEREZA,RIBEIRA DO POMBAL,4,0,BAHIA
3814378,CARDIO PULMONAR DA BAHIA,SALVADOR,13,0,BAHIA
2470667,HOSPITAL DA SAGRADA FAMILIA,SALVADOR,6,6,BAHIA
0003859,HOSPITAL GERAL ROBERTO SANTOS,SALVADOR,23,23,BAHIA
2802082,HOSPITAL JORGE VALENTE,SALVADOR,8,0,BAHIA
0003794,INSTITUTO DE PERINATOLOGIA DA BAHIA,SALVADOR,10,10,BAHIA
0003840,MATERNIDADE ALBERT SABIN,SALVADOR,12,12,BAHIA
0004731,MATERNIDADE CLIMERIO DE OLIVEIRA,SALVADOR,5,5,BAHIA
0004081,MATERNIDADE MARIA DA CONCEICAO DE JESUS,SALVADOR,10,0,BAHIA
3956369,MATERNIDADE PROFESSOR JOSE MARIA DE MAGALHAES NETO,SALVADOR,30,10,BAHIA
0004170,MATERNIDADE TSYLLA BALBINO,SALVADOR,13,13,BAHIA
2799286,HOSPITAL MATERNIDADE LUIZ ARGOLO,SANTO ANTONIO DE JESUS,10,0,BAHIA
2870045,MATERNIDADE FREI JUSTO VENTURE,SEABRA,10,0,BAHIA
2770512,HOSPITAL MUNICIPAL DOM ANTONIO MONTEIRO,SENHOR DO BONFIM,5,0,BAHIA
5005027,UMMI UNIDADE MUNICIPAL MATERNO INFANTIL,TEIXEIRA DE FREITAS,10,10,BAHIA
2402076,COMPLEXO HOSPITALAR DE VITORIA DA CONQUISTA CHVC,VITORIA DA CONQUISTA,12,0,BAHIA
2402564,HOSPITAL MUNICIPAL ESAU MATOS,VITORIA DA CONQUISTA,15,15,BAHIA
2373009,HOSPITAL E MATERNIDADE SANTA LUISA DE MARILLAC,ARACATI,3,3,CEARA
2564211,HOSPITAL MATERNIDADE SAO VICENTE DE PAULO HMSVP,BARBALHA,10,6,CEARA
2480646,IMTAVI,BREJO SANTO,5,5,CEARA
2481073,HOSPITAL SAO LUCAS,CRATEUS,10,6,CEARA
2415488,HOSPITAL E MATERNIDADE SAO FRANCISCO DE ASSIS,CRATO,10,0,CEARA
2479907,H J M A HOSPITAL JOSE MARTINIANO DE ALENCAR,FORTALEZA,8,8,CEARA
2499363,HGCC HOSPITAL GERAL DR CESAR CALS,FORTALEZA,36,36,CEARA
2497654,HGF HOSPITAL GERAL DE FORTALEZA,FORTALEZA,20,20,CEARA
2563681,HIAS HOSPITAL INFANTIL ALBERT SABIN,FORTALEZA,22,22,CEARA
2611686,HOSPITAL CURA DARS,FORTALEZA,8,8,CEARA
2651351,HOSPITAL DISTRITAL GONZAGA MOTA BARRA DO CEARA,FORTALEZA,9,9,CEARA
2529068,HOSPITAL DISTRITAL GONZAGA MOTA JOSE WALTER,FORTALEZA,10,0,CEARA
2723212,HOSPITAL DISTRITAL GONZAGA MOTA MESSEJANA,FORTALEZA,13,13,CEARA
2482339,HOSPITAL DISTRITAL NOSSA SENHORA DA CONCEICAO,FORTALEZA,10,8,CEARA
7047428,HOSPITAL E MATERNIDADE DRA ZILDA ARNS NEUMANN,FORTALEZA,15,15,CEARA
9297502,HOSPITAL E MATERNIDADE EUGENIA PINHEIRO,FORTALEZA,10,0,CEARA
2785900,HOSPITAL GERAL DR WALDEMAR ALCANTARA,FORTALEZA,16,16,CEARA
3528618,HOSPITAL UNIMED SUL,FORTALEZA,4,0,CEARA
2481286,MATERNIDADE ESCOLA ASSIS CHATEAUBRIAND,FORTALEZA,30,30,CEARA
2552086,HOSPITAL MATERNIDADE SAO VICENTE DE PAULO,ITAPIPOCA,7,7,CEARA
2562499,HOSPITAL MATERNIDADE SAO LUCAS,JUAZEIRO DO NORTE,14,14,CEARA
2806215,HOSPITAL MUNICIPAL DR JOAO ELISIO DE HOLANDA,MARACANAU,8,0,CEARA
2561441,HOSPITAL E MATERNIDADE FRANCISCO RAIMUNDO MARCOS,OCARA,1,0,CEARA
2561026,HOSP MUNIC DR CICERO F FILHO,PARAMBU,1,0,CEARA
2328399,HOSPITAL E MATERNIDADE JESUS MARIA JOSE HMJMJ,QUIXADA,4,4,CEARA
7061021,HOSPITAL REGIONAL DO SERTAO CENTRAL,QUIXERAMOBIM,16,0,CEARA
2426579,HOSPITAL MUNICIPAL ESTEVAM PONTE,SOBRAL,5,0,CEARA
6848710,HOSPITAL REGIONAL NORTE,SOBRAL,30,30,CEARA
3021114,SANTA CASA DE MISERICORDIA DE SOBRAL,SOBRAL,15,15,CEARA
2328046,HOSPITAL DR ALBERTO FEITOSA LIMA,TAUA,4,0,CEARA
2560852,HOSPITAL MATERNIDADE MADALENA NUNES,TIANGUA,10,10,CEARA
0010537,HOSPITAL MATERNO INFANTIL DR ANTONIO LISBOA,BRASILIA,15,15,DISTRITO FEDERAL
0010480,HOSPITAL REGIONAL DE CEILANDIA,BRASILIA,10,0,DISTRITO FEDERAL
3005402,HOSPITAL SANTA LUZIA,BRASILIA,20,0,DISTRITO FEDERAL
0010464,HRAN,BRASILIA,12,0,DISTRITO FEDERAL
0010545,HRBZ,BRASILIA,6,0,DISTRITO FEDERAL
2645157,HRL,BRASILIA,12,12,DISTRITO FEDERAL
0010529,HRPL,BRASILIA,6,0,DISTRITO FEDERAL
0010502,HRS,BRASILIA,18,0,DISTRITO FEDERAL
5717515,HRSM,BRASILIA,10,10,DISTRITO FEDERAL
0010499,HRT HOSPITAL REGIONAL DE TAGUATINGA,BRASILIA,10,0,DISTRITO FEDERAL
2485729,HIFA HOSPITAL MATERNO INFANTIL FRANCISCO DE ASSIS,CACHOEIRO DE ITAPEMIRIM,20,15,ESPIRITO SANTO
2448521,HOSPITAL SAO JOSE,COLATINA,10,10,ESPIRITO SANTO
2465833,HOSPITAL RIO DOCE,LINHARES,10,8,ESPIRITO SANTO
7257406,HOSPITAL ESTADUAL DR JAYME SANTOS NEVES,SERRA,20,20,ESPIRITO SANTO
2678179,HOSPITAL INFANTIL E MATERNIDADE ALZIR BERNARDINO ALVES,VILA VELHA,9,9,ESPIRITO SANTO
2465787,HOSPITAL MUNICIPAL DE COBILANDIA,VILA VELHA,4,0,ESPIRITO SANTO
4044916,HOSPITAL UNIVERSITARIO CASSIANO ANTONIO MORAES HUCAM,VITORIA,10,10,ESPIRITO SANTO
3188213,MATERNIDADE SANTA URSULA,VITORIA,5,0,ESPIRITO SANTO
2361787,SANTA CASA DE MISERICORDIA DE ANAPOLIS,ANAPOLIS,6,0,GOIAS
3427633,AMPARO MATERNIDADE,GOIANIA,4,0,GOIAS
2506858,HOSPITAL E MATERNIDADE DONA IRIS,GOIANIA,10,10,GOIAS
0024074,HOSPITAL E MATERNIDADE MUNICIPAL CELIA CAMARA,GOIANIA,9,9,GOIAS
2339196,HOSPITAL ESTADUAL DA MULHER DR JURANDIR DO NASCIMENTO HEMU,GOIANIA,17,0,GOIAS
2339080,HOSPITAL ESTADUAL E MATERNIDADE N SRA DE LOURDES HEMNSL,GOIANIA,9,0,GOIAS
2340038,HOSPITAL MUNICIPAL DOUTOR HENRIQUE SANTILLO,GOIATUBA,6,0,GOIAS
2789647,HOSPITAL MUNICIPAL MODESTO DE CARVALHO,ITUMBIARA,4,0,GOIAS
7005660,HOSPITAL UNIMED,ITUMBIARA,4,0,GOIAS
2535556,HOSPITAL ESTADUAL DE JATAI DR SERAFIM DE CARVALHO,JATAI,2,0,GOIAS
2340704,HOSPITAL PRESBITERIANO DR GORDON,RIO VERDE,4,0,GOIAS
0547484,HOSPITAL ESTADUAL DO CENTRO NORTE GOIANO,URUACU,5,5,GOIAS
7073224,HOSPITAL REGIONAL DE ALTO ALEGRE DO MARANHAO,ALTO ALEGRE DO MARANHAO,8,0,MARANHAO
6922902,HOSPITAL MATERNO INFANTIL,BACABAL,15,0,MARANHAO
9336508,HOSPITAL REGIONAL DE BALSAS,BALSAS,4,4,MARANHAO
2462583,HOSPITAL MATERNO INFANTIL,BARRA DO CORDA,6,0,MARANHAO
2450429,HOSPITAL MUNICIPAL PEDRO NEIVA DE SANTANA,BURITICUPU,6,0,MARANHAO
2452820,COMPLEXO HOSPITALAR ANTONIO PONTES DE AGUIAR,CHAPADINHA,3,0,MARANHAO
2306697,CASA DE SAUDE E MATERNIDADE DE COELHO NETO,COELHO NETO,5,0,MARANHAO
9627812,MATERNIDADE ESTADUAL HUMBERTO COUTINHO,COLINAS,4,4,MARANHAO
7088302,HOSPITAL REGIONAL ALEXANDRE MAMEDE TROVAO DE COROATA,COROATA,4,4,MARANHAO
2452383,MATERNIDADE DE ALTO RISCO DE IMPERATRIZ,IMPERATRIZ,17,17,MARANHAO
3018172,HOSPITAL MUNICIPAL MATERNO INFANTIL NOSSA SENHORA DAS MERCES,PINHEIRO,6,0,MARANHAO
9077413,HOSPITAL REGIONAL TOMAS MARTINS,SANTA INES,4,4,MARANHAO
2308231,CLINICA SAO MARCOS,SAO LUIS,7,0,MARANHAO
2702886,COMPLEXO HOSPITALAR MATERNO INFANTIL DO MARANHAO,SAO LUIS,23,23,MARANHAO
2726653,EBSERH HOSPITAL UNIVERSITARIO DA UFMA,SAO LUIS,12,12,MARANHAO
2309254,MATERNIDADE DE ALTA COMPLEXIDADE DO MARANHAO,SAO LUIS,38,38,MARANHAO
2452782,HOSPITAL REGIONAL ALARICO NUNES PACHECO,TIMON,4,4,MARANHAO
2459620,HOSPITAL MUNICIPAL BENITO M SOUSA,VARGEM GRANDE,3,0,MARANHAO
2760991,HOSPITAL NOSSA SENHORA DA CONCEICAO,ABRE CAMPO,1,0,MINAS GERAIS
2171988,HOSPITAL UNIVERSITARIO ALZIRA VELANO,ALFENAS,6,6,MINAS GERAIS
2171945,SANTA CASA DE ALFENAS,ALFENAS,8,8,MINAS GERAIS
2134276,HOSPITAL SAO VICENTE DE PAULO ARACUAI,ARACUAI,5,5,MINAS GERAIS
9681752,HOSPITAL UNIVERSITARIO SAGRADA FAMILIA,ARAGUARI,10,0,MINAS GERAIS
2145960,SANTA CASA DE MISERICORDIA DE ARAGUARI,ARAGUARI,5,5,MINAS GERAIS
6575560,BH HOSPITAL GOVERNADOR ISRAEL PINHEIRO HGIP,BELO HORIZONTE,10,0,MINAS GERAIS
0027049,HOSP DAS CLINICAS DA UNIV FED DE MINAS GERAIS EBSERH,BELO HORIZONTE,10,10,MINAS GERAIS
0027022,HOSPITAL JULIA KUBITSCHEK,BELO HORIZONTE,10,10,MINAS GERAIS
2192896,HOSPITAL METROPOLITANO ODILON BEHRENS HOB,BELO HORIZONTE,15,15,MINAS GERAIS
0027863,HOSPITAL RISOLETA TOLENTINO NEVES,BELO HORIZONTE,6,4,MINAS GERAIS
0026794,HOSPITAL SOFIA FELDMAN,BELO HORIZONTE,52,40,MINAS GERAIS
0026972,MATERNIDADE ODETE VALADARES,BELO HORIZONTE,20,20,MINAS GERAIS
0027014,SANTA CASA DE BELO HORIZONTE,BELO HORIZONTE,12,12,MINAS GERAIS
2126494,HOSPITAL PUBLICO REGIONAL PREFEITO OSVALDO REZENDE FRANCO,BETIM,20,10,MINAS GERAIS
2117312,CAETE SANTA CASA DE CAETE,CAETE,2,0,MINAS GERAIS
2118513,HOSPITAL NOSSA SENHORA AUXILIADORA,CARATINGA,6,6,MINAS GERAIS
2764830,HOSPITAL CASA DE CARIDADE SAO VICENTE DE PAULA,CAXAMBU,1,0,MINAS GERAIS
2191164,CMI JUVENTINA PAULA DE JESUS COMPLEXO HOSPITALAR,CONTAGEM,20,20,MINAS GERAIS
2154749,HOSPITAL SAO JOSE,CONTAGEM,1,0,MINAS GERAIS
2761203,HOSPITAL DE NOSSA SENHORA DA SAUDE,DIAMANTINA,3,3,MINAS GERAIS
2222043,HOSPITAL MUNICIPAL,GOVERNADOR VALADARES,10,10,MINAS GERAIS
6892256,HOSPITAL E MATERNIDADE REGIONAL DE IBIRITE,IBIRITE,6,6,MINAS GERAIS
2205440,HOSPITAL MARCIO CUNHA,IPATINGA,10,10,MINAS GERAIS
2153084,HOSPITAL E MATERNIDADE THEREZINHA DE JESUS,JUIZ DE FORA,7,0,MINAS GERAIS
2173166,HOSPITAL CESAR LEITE,MANHUACU,4,4,MINAS GERAIS
2200945,MARIANA HOSPITAL MONSENHOR HORTA,MARIANA,2,0,MINAS GERAIS
2100754,HOSPITAL MUNICIPAL DE PARACATU,PARACATU,4,4,MINAS GERAIS
2726726,HOSPITAL REGIONAL ANTONIO DIAS,PATOS DE MINAS,3,3,MINAS GERAIS
2209195,HOSPITAL SANTA CASA DE PATROCINIO,PATROCINIO,3,3,MINAS GERAIS
2119528,HOSPITAL DR MOISES MAGALHAES FREIRE,PIRAPORA,2,2,MINAS GERAIS
2164299,HOSPITAL DE SAO JOAO DE DEUS,SANTA LUZIA,2,0,MINAS GERAIS
2764814,CASA DE CARIDADE DE SAO LOURENCO,SAO LOURENCO,2,0,MINAS GERAIS
2098369,HOSPITAL SANTO ANTONIO,TAIOBEIRAS,2,2,MINAS GERAIS
2760657,HOSPITAL SAO SEBASTIAO,TRES CORACOES,4,0,MINAS GERAIS
2195585,CLINICAS INTEGRADAS HOSPITAL UNIVERSITARIO MARIO PALMERIO,UBERABA,6,6,MINAS GERAIS
2146355,HOSPITAL DE CLINICAS DE UBERLANDIA,UBERLANDIA,16,16,MINAS GERAIS
6601804,HOSPITAL E MATERNIDADE MUNICIPAL DR ODELMO LEAO CARNEIRO,UBERLANDIA,10,10,MINAS GERAIS
2761041,HOSPITAL REGIONAL DO SUL DE MINAS,VARGINHA,3,0,MINAS GERAIS
0009768,ASSOCIACAO DE AMPARO A MATERNIDADE E A INFANCIA AAMI,CAMPO GRANDE,22,10,MATO GROSSO DO SUL
0009709,EBSERH HOSP UNIV MARIA APARECIDA PEDROSSIAN,CAMPO GRANDE,10,6,MATO GROSSO DO SUL
0009725,HOSPITAL REGIONAL DE MATO GROSSO DO SUL,CAMPO GRANDE,20,20,MATO GROSSO DO SUL
0009717,SANTA CASA,CAMPO GRANDE,11,11,MATO GROSSO DO SUL
2710935,EBSERH HOSPITAL UNIVERSITARIO GRANDE DOURADOS,DOURADOS,15,15,MATO GROSSO DO SUL
2370816,SOCIEDADE BENEFICENTE DONA ELMIRIA SILVERIO BARBOSA,SIDROLANDIA,1,0,MATO GROSSO DO SUL
2756978,HOSPITAL CASSEMS UNIDADE DE TRES LAGOAS,TRES LAGOAS,5,0,MATO GROSSO DO SUL
2471345,HOSPITAL REGIONAL DE ALTA FLORESTA ALBERT SABIN,ALTA FLORESTA,4,0,MATO GROSSO
2659107,HOSPITAL GERAL E MATERNIDADE DE CUIABA,CUIABA,6,6,MATO GROSSO
2311682,HOSPITAL SANTA HELENA,CUIABA,4,4,MATO GROSSO
2655411,HOSPITAL UNIVERSITARIO JULIO MULLER EBSERH,CUIABA,3,3,MATO GROSSO
3191737,HOSPITAL JARDIM VITORIA,GUARANTA DO NORTE,1,0,MATO GROSSO
2396866,SANTA CASA DE RONDONOPOLIS,RONDONOPOLIS,10,8,MATO GROSSO
2472139,HOSPITAL DAS CLINICAS VIDA E SAUDE,TANGARA DA SERRA,2,0,MATO GROSSO
2318482,HOSPITAL MUNICIPAL SAO BENTO,ABAETETUBA,6,0,PARA
0073482,HOSPITAL REGIONAL DO BAIXO TOCANTINS HOSPITAL SANTA ROSA,ABAETETUBA,10,10,PARA
2330830,HOSPITAL GERAL DE ALTAMIRA SAO RAFAEL,ALTAMIRA,10,10,PARA
5597501,HOSPITAL REGIONAL PUBLICO DA TRANSAMAZONICA,ALTAMIRA,4,4,PARA
2615835,HOSPITAL ANITA GEROSA,ANANINDEUA,10,6,PARA
9461493,HOSPITAL REGIONAL PUBLICO MATERNO INFANTIL DE BARCARENA,BARCARENA,10,10,PARA
2332671,HOSPITAL D LUIZ I,BELEM,8,6,PARA
7453124,HOSPITAL DE AERONAUTICA DE BELEM,BELEM,1,0,PARA
9917322,HOSPITAL REGIONAL PUBLICO DR ABELARDO SANTOS,BELEM,20,20,PARA
2752700,SANTA CASA DE MISERICORDIA DO PARA,BELEM,67,67,PARA
5332427,SAUDE HOSPITAL E MATERNIDADE,BELEM,2,0,PARA
2678756,HOSPITAL GERAL DE BRAGANCA,BRAGANCA,10,10,PARA
2678403,HOSPITAL SANTO ANTONIO MARIA ZACCARIA,BRAGANCA,10,10,PARA
0007684,HOSPITAL MAGALHAES,CASTANHAL,15,12,PARA
2328992,HOSPITAL REGIONAL DE CONCEICAO DO ARAGUAIA,CONCEICAO DO ARAGUAIA,5,5,PARA
2331098,HOSPITAL MUNICIPAL DE ITAITUBA,ITAITUBA,10,10,PARA
5703425,HOSPITAL MATERNO INFANTIL DE MARABA,MARABA,8,6,PARA
2619717,HOSPITAL DA DIVINA PROVIDENCIA,MARITUBA,8,8,PARA
2318628,HOSPITAL MUNICIPAL DE PARAGOMINAS,PARAGOMINAS,10,10,PARA
2615746,HOSPITAL GERAL DE PARAUAPEBAS MANOEL EVALDO BENEVIDES ALVES,PARAUAPEBAS,10,10,PARA
2673886,HOSPITAL YUTAKA TAKEDA,PARAUAPEBAS,2,0,PARA
2504901,HOSPITAL MUNICIPAL DR PEDRO PAULO BARCAUI,REDENCAO,3,0,PARA
2331292,HOSPITAL E MATERNIDADE DE RUROPOLIS,RUROPOLIS,1,0,PARA
2329905,HOSPITAL MUNICIPAL DE SANTAREM,SANTAREM,10,0,PARA
2360411,HOSPITAL MUNICIPAL DE TOME ACU,TOME-ACU,2,0,PARA
2621614,HOSPITAL REGIONAL DE TUCURUI,TUCURUI,12,12,PARA
2613476,HOSPITAL REGIONAL DE CAJAZEIRAS,CAJAZEIRAS,5,0,PARAIBA
2362821,CLIPSI,CAMPINA GRANDE,6,6,PARAIBA
2315793,HOSPITAL ESCOLA DA FAP,CAMPINA GRANDE,5,4,PARAIBA
2362287,INSTITUTO DE SAUDE ELPIDIO DE ALMEIDA,CAMPINA GRANDE,8,8,PARAIBA
3043142,AMIP,JOAO PESSOA,4,0,PARAIBA
9561501,CLINEPA CENTRO HOSPITALAR,JOAO PESSOA,3,0,PARAIBA
3039269,HNSN EPITACIO,JOAO PESSOA,3,0,PARAIBA
2400324,HOSPITAL EDSON RAMALHO,JOAO PESSOA,4,4,PARAIBA
3001377,HOSPITAL JOAO PAULO II,JOAO PESSOA,4,0,PARAIBA
2400243,HOSPITAL UNIVERSITARIO LAURO WANDERLEY,JOAO PESSOA,6,6,PARAIBA
2399644,MATERNIDADE CANDIDA VARGAS,JOAO PESSOA,18,18,PARAIBA
2707527,MATERNIDADE FREI DAMIAO,JOAO PESSOA,7,5,PARAIBA
7666772,HOSPITAL GERAL DE MAMANGUAPE,MAMANGUAPE,5,0,PARAIBA
2605414,MATERNIDADE PEREGRINO FILHO,PATOS,7,5,PARAIBA
6679528,HOSPITAL GERAL DE QUEIMADAS,QUEIMADAS,5,0,PARAIBA
2351994,HOSPITAL DE CARUARU JESUS NAZARENO,CARUARU,18,16,PERNAMBUCO
2315343,HVU HOSPITAL VALE DO UNA,PALMARES,6,0,PERNAMBUCO
7549172,HOSPITAL SANTA ANA,PAULISTA,3,0,PERNAMBUCO
2430711,HOSPITAL DOM MALAN,PETROLINA,27,27,PERNAMBUCO
2711613,CENTRO UNIVERSITARIO INTEGRADO DE SAUDE AMAURY DE MEDEIROS,RECIFE,15,15,PERNAMBUCO
0000418,HOSPITAL AGAMENON MAGALHAES,RECIFE,15,15,PERNAMBUCO
2427427,HOSPITAL BARAO DE LUCENA,RECIFE,16,16,PERNAMBUCO
0000396,HOSPITAL DAS CLINICAS,RECIFE,5,5,PERNAMBUCO
0000566,HOSPITAL MARIA LUCINDA,RECIFE,12,0,PERNAMBUCO
0000671,US 153 POLICLINICA E MATERNIDADE ARNALDO MARQUES,RECIFE,9,0,PERNAMBUCO
7958838,US 444 HOSPITAL DA MULHER DO RECIFE DRA MERCES PONTES CUNHA,RECIFE,15,15,PERNAMBUCO
2356287,HOSPITAL REGIONAL INACIO DE SA,SALGUEIRO,5,5,PERNAMBUCO
2712008,HOSPITAL JOAO MURILO E POLICLINICA DE VITORIA,VITORIA DE SANTO ANTAO,10,10,PERNAMBUCO
8015899,HOSPITAL ESTADUAL DIRCEU ARCOVERDE,PARNAIBA,10,10,PIAUI
4009444,MAT DR MARQUES BASTO E HOSP INF DR MIROCLES VERAS,PARNAIBA,10,10,PIAUI
3205282,CLINICA DE URGENCIA DE PICOS,PICOS,1,0,PIAUI
2766876,HOSPITAL MEMORIAL DO CARMO,PICOS,1,0,PIAUI
2777746,HOSP REG CHAGAS RODRIGUES,PIRIPIRI,10,0,PIAUI
2323397,MATERNIDADE DONA EVANGELINA ROSA,TERESINA,20,20,PIAUI
2727064,MATERNIDADE MUNICIPAL PROF WALL FERRAZ,TERESINA,8,5,PIAUI
2679663,UNIDADE DE PRONTO ATENDIMENTO 24 HORAS UPA PROMORAR,TERESINA,4,4,PIAUI
2679647,UNIDADE DE SAUDE BUENOS AIRES,TERESINA,4,4,PIAUI
9131922,UNIDADE DE SAUDE PROMORAR,TERESINA,2,0,PIAUI
2679639,UNIDADE DE SAUDE SATELITE,TERESINA,4,4,PIAUI
2439263,HNSG HOSPITAL PROVIDENCIA MATERNO INFANTIL,APUCARANA,4,4,PARANA
5995280,HOSPITAL MUNICIPAL DE ARAUCARIA,ARAUCARIA,3,3,PARANA
2730650,SANTA CASA DE CAMBE,CAMBE,2,0,PARANA
0013846,HOSPITAL DO ROCIO,CAMPO LARGO,8,8,PARANA
0014109,HOSPITAL SANTA CASA DE MISERICORDIA,CAMPO MOURAO,8,0,PARANA
2738368,HOSPITAL UNIVERSITARIO DO OESTE DO PARANA,CASCAVEL,10,10,PARANA
2384299,COMPLEXO DO HOSPITAL DE CLINICAS DA UFPR HC E MVFA,CURITIBA,15,15,PARANA
0015369,COMPLEXO HOSPITALAR DO TRABALHADOR,CURITIBA,10,10,PARANA
2715864,HOSPITAL NOSSA SRA DAS GRACAS MATERNIDADE MATER DEI,CURITIBA,5,5,PARANA
0015245,HOSPITAL UNIVERSITARIO EVANGELICO MACKENZIE,CURITIBA,20,20,PARANA
0015717,NOSSA SENHORA DE FATIMA HOSPITAL DA MULHER E MATERNIDADE,CURITIBA,9,0,PARANA
2591049,HOSPITAL MINISTRO COSTA CAVALCANTI,FOZ DO IGUACU,10,10,PARANA
6424341,HOSPITAL REGIONAL DO SUDOESTE WALTER ALBERTO PECOITS F B,FRANCISCO BELTRAO,5,5,PARANA
2741989,HOSPITAL DE CARIDADE SAO VICENTE DE PAULO,GUARAPUAVA,5,4,PARANA
2742047,INSTITUTO VIRMOND,GUARAPUAVA,4,0,PARANA
3403416,MADE CLINICA,GUARAPUAVA,2,0,PARANA
3403882,SPECIALITE CENTRO MEDICO,GUARAPUAVA,2,0,PARANA
0025399,MATERNIDADE MUNICIPAL HUMBERTO CARRANO,LAPA,2,0,PARANA
7758391,HOSPITAL DO CORACAO UNIDADE BELA SUICA,LONDRINA,5,0,PARANA
2550792,HOSPITAL EVANGELICO DE LONDRINA,LONDRINA,15,10,PARANA
2781859,HOSPITAL UNIVERSITARIO REGIONAL DO NORTE DO PARANA,LONDRINA,10,10,PARANA
2587335,HOSPITAL UNIVERSITARIO REGIONAL DE MARINGA,MARINGA,5,5,PARANA
2594714,SANTA CASA DE MARINGA HOSPITAL E MAT M AUXILIADORA,MARINGA,3,3,PARANA
2582716,HOSPITAL E MATERNIDADE NOSSA SENHORA DA LUZ,MEDIANEIRA,3,0,PARANA
6542638,HOSPITAL UNIVERSITARIO REGIONAL DOS CAMPOS GERAIS,PONTA GROSSA,2,2,PARANA
2686953,SANTA CASA DE MISERICORDIA DE PONTA GROSSA,PONTA GROSSA,8,6,PARANA
2753278,HOSPITAL E MATERNIDADE MUNICIPAL DE SAO JOSE DOS PINHAIS,SAO JOSE DOS PINHAIS,8,8,PARANA
0462799,IMADI,SAO MIGUEL DO IGUACU,9,0,PARANA
2679736,ASSOCIACAO BENEFICENTE SAO FRANCISCO DE ASSIS,UMUARAMA,4,0,PARANA
3005011,NOROSPAR,UMUARAMA,3,3,PARANA
2568373,ASSOCIACAO DE PROTECAO A MATERNIDADE E A INFANCIA,UNIAO DA VITORIA,4,4,PARANA
6200702,HOSPITAL MUNICIPAL DR RODOLPHO PERISSE,ARMACAO DOS BUZIOS,2,0,RIO DE JANEIRO
5878640,HOSPITAL MATERNIDADE THERESA SACCHI DE MOURA,BARRA MANSA,2,2,RIO DE JANEIRO
6392415,INTENSI BABY,BARRA MANSA,3,0,RIO DE JANEIRO
5903394,HOSPITAL MUNICIPAL DA MULHER EM CABO FRIO,CABO FRIO,6,0,RIO DE JANEIRO
3315916,CLINICA CIRURGICA E MATERNIDADE LILIA NEVES,CAMPOS DOS GOYTACAZES,2,0,RIO DE JANEIRO
2298317,HOSPITAL DOS PLANTADORES DE CANA,CAMPOS DOS GOYTACAZES,20,20,RIO DE JANEIRO
2287250,SOCIEDADE PORTUGUESA DE BENEFICENCIA DE CAMPOS,CAMPOS DOS GOYTACAZES,5,0,RIO DE JANEIRO
2290227,HOSPITAL MUNICIPAL ADAO PEREIRA NUNES,DUQUE DE CAXIAS,8,0,RIO DE JANEIRO
5412447,HOSPITAL PUBLICO MUNICIPAL DE MACAE HPM,MACAE,4,0,RIO DE JANEIRO
7011857,SES RJ COMPLEXO REG DE MESQUITA MATERNID E CLINICA DA MULHER,MESQUITA,15,15,RIO DE JANEIRO
0012505,HOSPITAL UNIVERSITARIO ANTONIO PEDRO,NITEROI,8,8,RIO DE JANEIRO
6861873,MATERNIDADE SAO FRANCISCO,NITEROI,30,0,RIO DE JANEIRO
0012521,SES RJ HOSPITAL ESTADUAL AZEVEDO LIMA,NITEROI,5,0,RIO DE JANEIRO
2271826,HOSPITAL MATERNIDADE DOUTOR MARIO DUTRA DE CASTRO,NOVA FRIBURGO,6,0,RIO DE JANEIRO
2798662,HGNI HOSPITAL GERAL DE NOVA IGUACU,NOVA IGUACU,15,0,RIO DE JANEIRO
3152626,UPNI,NOVA IGUACU,8,0,RIO DE JANEIRO
2279525,CASA DE SAUDE PARACAMBI,PARACAMBI,2,0,RIO DE JANEIRO
2275562,HOSPITAL ALCIDES CARNEIRO,PETROPOLIS,10,10,RIO DE JANEIRO
2288907,APMIR,RESENDE,8,0,RIO DE JANEIRO
6043941,HOSPITAL CENTRAL DA AERONAUTICA HCA,RIO DE JANEIRO,5,0,RIO DE JANEIRO
6753469,HOSPITAL CENTRAL DO EXERCITO,RIO DE JANEIRO,7,0,RIO DE JANEIRO
6427138,HOSPITAL DE CLINICAS SAO MATHEUS,RIO DE JANEIRO,4,0,RIO DE JANEIRO
2708353,IFF FIOCRUZ,RIO DE JANEIRO,8,8,RIO DE JANEIRO
2270021,MATERNIDADE ESCOLA DA UFRJ,RIO DE JANEIRO,6,6,RIO DE JANEIRO
2269880,MS HGB HOSPITAL GERAL DE BONSUCESSO,RIO DE JANEIRO,15,0,RIO DE JANEIRO
2269988,MS HSE HOSPITAL DOS SERVIDORES DO ESTADO,RIO DE JANEIRO,12,12,RIO DE JANEIRO
2298120,SMS HOSPITAL MUNICIPAL ALBERT SCHWEITZER AP 51,RIO DE JANEIRO,10,0,RIO DE JANEIRO
2270609,SMS HOSPITAL MUNICIPAL LOURENCO JORGE AP 4 0,RIO DE JANEIRO,15,15,RIO DE JANEIRO
2270269,SMS HOSPITAL MUNICIPAL MIGUEL COUTO AP 21,RIO DE JANEIRO,5,0,RIO DE JANEIRO
6995462,SMS HOSPITAL MUNICIPAL PEDRO II AP 53,RIO DE JANEIRO,14,14,RIO DE JANEIRO
2295407,SMS HOSPITAL MUNICIPAL ROCHA FARIA AP 52,RIO DE JANEIRO,8,0,RIO DE JANEIRO
2269945,SMS MATERNIDADE ALEXANDER FLEMING AP 33,RIO DE JANEIRO,11,11,RIO DE JANEIRO
7041624,SMS MATERNIDADE DA MULHER MARISKA RIBEIRO AP 51,RIO DE JANEIRO,11,11,RIO DE JANEIRO
2270714,SMS MATERNIDADE FERNANDO MAGALHAES AP 10,RIO DE JANEIRO,24,24,RIO DE JANEIRO
2270390,SMS MATERNIDADE HERCULANO PINHEIRO AP 33,RIO DE JANEIRO,8,0,RIO DE JANEIRO
7027397,SMS MATERNIDADE MARIA AMELIA BUARQUE DE HOLLANDA AP 10,RIO DE JANEIRO,22,22,RIO DE JANEIRO
2269783,UERJ HOSPITAL UNIV PEDRO ERNESTO,RIO DE JANEIRO,3,0,RIO DE JANEIRO
6518893,SES RJ HOSPITAL DA MULHER HELONEIDA STUDART,SAO JOAO DE MERITI,29,29,RIO DE JANEIRO
7529384,SES RJ HOSPITAL ESTADUAL DOS LAGOS NOSSA SENHORA DE NAZARETH,SAQUAREMA,7,0,RIO DE JANEIRO
2297795,HOSPITAL DAS CLINICAS DE TERESOPOLIS,TERESOPOLIS,6,6,RIO DE JANEIRO
2273748,HUV HOSPITAL UNIVERSITARIO DE VASSOURAS,VASSOURAS,8,8,RIO DE JANEIRO
0025135,HOSPITAL MUNICIPAL SAO JOAO BATISTA,VOLTA REDONDA,4,0,RIO DE JANEIRO
2410281,HOSPITAL MATERNIDADE ALMEIDA CASTRO,MOSSORO,13,13,RIO GRANDE DO NORTE
4093577,HOSPITAL REGIONAL DA MULHER PARTEIRA MARIA CORREIA,MOSSORO,10,0,RIO GRANDE DO NORTE
2408570,HOSPITAL DR JOSE PEDRO BEZERRA,NATAL,7,7,RIO GRANDE DO NORTE
2409208,MATERNIDADE ESCOLA JANUARIO CICCO,NATAL,5,5,RIO GRANDE DO NORTE
2473380,HOSPITAL MATERNIDADE DO DIVINO AMOR,PARNAMIRIM,5,5,RIO GRANDE DO NORTE
4014111,HOSPITAL UNIVERSITARIO ANA BEZERRA,SANTA CRUZ,5,5,RIO GRANDE DO NORTE
2515598,CLINICAS MASTERPLASTICA MONTE SINAI,ARIQUEMES,6,0,RONDONIA
2494280,HOSPITAL DA CRIANCA DE ARIQUEMES,ARIQUEMES,5,0,RONDONIA
7808488,UNIDADE MATERNO INFANTIL HCR,JI-PARANA,6,0,RONDONIA
4001303,HOSPITAL DE BASE PORTO VELHO,PORTO VELHO,35,35,RONDONIA
3970442,HOSPITAL MATERNIDADE MAE ESPERANCA,PORTO VELHO,3,0,RONDONIA
2515369,HOSPITAL SAMAR,PORTO VELHO,4,0,RONDONIA
6205224,HOSPITAL UNIMED,PORTO VELHO,2,0,RONDONIA
2798484,HOSPITAL REGIONAL ADAMASTOR TEIXEIRA DE OLIVEIRA,VILHENA,10,6,RONDONIA
2566168,HOSPITAL MATERNO INFANTIL N SRA DE NAZARETH,BOA VISTA,26,22,RORAIMA
2248328,SANTA CASA DE ALEGRETE,ALEGRETE,5,5,RIO GRANDE DO SUL
2232103,HOSPITAL PADRE JEREMIAS,CACHOEIRINHA,10,10,RIO GRANDE DO SUL
3508528,HOSPITAL UNIVERSITARIO DE CANOAS,CANOAS,10,10,RIO GRANDE DO SUL
2223538,HOSPITAL GERAL,CAXIAS DO SUL,10,10,RIO GRANDE DO SUL
2232030,FUNDACAO DE SAUDE PUBLICA SAO CAMILO DE ESTEIO,ESTEIO,3,3,RIO GRANDE DO SUL
2227959,HOSPITAL UNIMED VALE DO CAI,MONTENEGRO,3,0,RIO GRANDE DO SUL
2232146,FUNDACAO DE SAUDE PUBLICA DE NOVO HAMBURGO FSNH,NOVO HAMBURGO,10,10,RIO GRANDE DO SUL
2246988,HOSPITAL SAO VICENTE DE PAULO,PASSO FUNDO,10,10,RIO GRANDE DO SUL
2253046,UCPEL HOSPITAL UNIVERSITARIO SAO FRANCISCO DE PAULA,PELOTAS,10,10,RIO GRANDE DO SUL
2237601,HOSPITAL DE CLINICAS,PORTO ALEGRE,20,20,RIO GRANDE DO SUL
2237598,HOSPITAL DIVINA PROVIDENCIA,PORTO ALEGRE,6,0,RIO GRANDE DO SUL
2265052,HOSPITAL FEMINA,PORTO ALEGRE,20,20,RIO GRANDE DO SUL
2237822,HOSPITAL MATERNO INFANTIL PRESIDENTE VARGAS,PORTO ALEGRE,20,10,RIO GRANDE DO SUL
2237571,HOSPITAL NOSSA SENHORA DA CONCEICAO SA,PORTO ALEGRE,20,20,RIO GRANDE DO SUL
2237253,IRMANDADE DA SANTA CASA DE MISERICORDIA DE PORTO ALEGRE,PORTO ALEGRE,16,10,RIO GRANDE DO SUL
2707675,HOSPITAL UNIVERSITARIO DR MIGUEL RIET CORREA JR,RIO GRANDE,5,5,RIO GRANDE DO SUL
2254964,HOSPITAL SANTA CRUZ,SANTA CRUZ DO SUL,10,10,RIO GRANDE DO SUL
2244306,HOSPITAL UNIVERSITARIO SANTA MARIA,SANTA MARIA,10,10,RIO GRANDE DO SUL
2232022,HOSPITAL CENTENARIO,SAO LEOPOLDO,6,6,RIO GRANDE DO SUL
2232162,FUNDACAO HOSPITALAR DE SAPUCAIA DO SUL,SAPUCAIA DO SUL,6,6,RIO GRANDE DO SUL
5384117,HOSPITAL SANTO ANTONIO TENENTE PORTELA,TENENTE PORTELA,10,10,RIO GRANDE DO SUL
2793008,HOSPITAL TRAMANDAI,TRAMANDAI,8,0,RIO GRANDE DO SUL
2248190,SANTA CASA DE URUGUAIANA,URUGUAIANA,10,10,RIO GRANDE DO SUL
2558254,HOSPITAL SANTO ANTONIO,BLUMENAU,12,12,SANTA CATARINA
2522411,HOSPITAL AZAMBUJA,BRUSQUE,3,0,SANTA CATARINA
2303892,HOSPITAL SAO FRANCISCO,CONCORDIA,4,0,SANTA CATARINA
2594277,HOSPITAL MATERNO INFANTIL SANTA CATARINA,CRICIUMA,10,0,SANTA CATARINA
2302101,HOSPITAL HELIO ANJOS ORTIZ,CURITIBANOS,6,6,SANTA CATARINA
2691868,HOSPITAL INFANTIL JOANA DE GUSMAO,FLORIANOPOLIS,9,0,SANTA CATARINA
3157245,HOSPITAL UNIV PROFESSOR POLYDORO ERNANI DE SAO THIAGO,FLORIANOPOLIS,5,4,SANTA CATARINA
2522691,HOSPITAL E MATERNIDADE MARIETA KONDER BORNHAUSEN,ITAJAI,8,8,SANTA CATARINA
2306344,HOSPITAL JARAGUA,JARAGUA DO SUL,10,6,SANTA CATARINA
2521385,HOSPITAL DONA HELENA,JOINVILLE,6,0,SANTA CATARINA
9757090,HOSPITAL GERAL JOINVILLE,JOINVILLE,10,0,SANTA CATARINA
2436477,MATERNIDADE DARCY VARGAS,JOINVILLE,14,14,SANTA CATARINA
2504332,HOSPITAL E MATERNIDADE TEREZA RAMOS,LAGES,7,0,SANTA CATARINA
2379341,MATERNIDADE DONA CATARINA KUSS,MAFRA,4,4,SANTA CATARINA
2568713,HOSPITAL REGIONAL ALTO VALE,RIO DO SUL,7,7,SANTA CATARINA
2555646,HOSPITAL REGIONAL DE SAO JOSE DRHOMERO MIRANDA GOMES,SAO JOSE,15,0,SANTA CATARINA
2537192,HOSPITAL E MATERNIDADE OASE,TIMBO,5,0,SANTA CATARINA
2411393,HOSPITAL REGIONAL SAO PAULO ASSEC,XANXERE,4,4,SANTA CATARINA
0002593,CLINICA SANTA HELENA SUISSA,ARACAJU,9,0,SERGIPE
0002232,HOSPITAL SANTA ISABEL,ARACAJU,30,30,SERGIPE
4099206,MATERNIDADE MUNICIPAL MARIA DE LOURDES SANTANA NOGUEIRA,ARACAJU,10,0,SERGIPE
5714397,MATERNIDADE NOSSA SENHORA DE LOURDES,ARACAJU,25,25,SERGIPE
3277755,SEMPREVIVA HOSPITAL E MATERNIDADE,ARACAJU,6,0,SERGIPE
2546027,HOSPITAL E MATERNIDADE SAO JOSE,ITABAIANA,4,0,SERGIPE
2503824,HOSPITAL E MATERNIDADE ZACARIAS JUNIOR,LAGARTO,10,10,SERGIPE
3559629,HOSPITAL REGIONAL SAO VICENTE DE PAULA,PROPRIA,4,0,SERGIPE
2078775,SANTA CASA DE ARACATUBA HOSPITAL SAGRADO CORACAO DE JESUS,ARACATUBA,10,10,SAO PAULO
6943284,MATERNIDADE GOTA DE LEITE DE ARARAQUARA,ARARAQUARA,9,9,SAO PAULO
2083094,HOSPITAL REGIONAL DE ASSIS,ASSIS,6,6,SAO PAULO
3142531,HOSPITAL SAO JORGE,BARRETOS,10,0,SAO PAULO
2092611,SANTA CASA DE BARRETOS,BARRETOS,8,8,SAO PAULO
6095666,HOSPITAL MUNICIPAL DE BARUERI DR FRANCISCO MORAN,BARUERI,12,12,SAO PAULO
2082209,PS E MATERNIDADE NAIR FONSECA LEITAO ARANTES,BARUERI,6,6,SAO PAULO
2790580,MATERNIDADE SANTA ISABEL,BAURU,10,10,SAO PAULO
2748223,HOSPITAL DAS CLINICAS DA FACULDADE DE MEDICINA DE BOTUCATU,BOTUCATU,15,15,SAO PAULO
2704900,HOSPITAL UNIVERSITARIO SAO FRANCISCO NA PROV DE DEUS,BRAGANCA PAULISTA,7,7,SAO PAULO
7580770,HOSPITAL ESTADUAL DE CAIEIRAS,CAIEIRAS,6,6,SAO PAULO
3109216,CAMPINAS DAY HOSPITAL,CAMPINAS,1,0,SAO PAULO
2079798,HOSPITAL DAS CLINICAS DA UNICAMP DE CAMPINAS,CAMPINAS,15,15,SAO PAULO
2082128,HOSPITAL E MATERNIDADE CELSO PIERRO,CAMPINAS,5,4,SAO PAULO
2022621,MATERNIDADE DE CAMPINAS,CAMPINAS,22,17,SAO PAULO
2792168,HOSPITAL GERAL DE CARAPICUIBA,CARAPICUIBA,14,14,SAO PAULO
2089327,HOSPITAL PADRE ALBINO CATANDUVA,CATANDUVA,7,6,SAO PAULO
2792141,HOSPITAL REGIONAL DE COTIA,COTIA,6,6,SAO PAULO
2084163,HOSPITAL ESTADUAL DE DIADEMA HOSPITAL SERRARIA,DIADEMA,15,15,SAO PAULO
2080028,HOSPITAL MUNICIPAL DE DIADEMA HMD,DIADEMA,13,13,SAO PAULO
2080079,HOSPITAL DR OSIRIS FLORINDO COELHO,FERRAZ DE VASCONCELOS,17,0,SAO PAULO
2081601,HOSPITAL FRANCA,FRANCA,5,0,SAO PAULO
2705982,SANTA CASA DE FRANCA,FRANCA,15,10,SAO PAULO
3028399,HOSPITAL ESTADUAL PROF CARLOS DA SILVA LACAZ FCO MORATO,FRANCISCO MORATO,7,7,SAO PAULO
2754843,HOSPITAL SANTO AMARO,GUARUJA,6,6,SAO PAULO
2080338,HOSPITAL GERAL DE GUARULHOS PROF DR WALDEMAR DE CARVALHO,GUARULHOS,16,16,SAO PAULO
2040069,HOSPITAL MATERNIDADE JESUS JOSE E MARIA,GUARULHOS,15,15,SAO PAULO
5200105,HOSPITAL MUNICIPAL PIMENTAS BONSUCESSO MANUEL DE PAIVA,GUARULHOS,10,10,SAO PAULO
2087715,HOSPITAL E MATERNIDADE MUNICIPAL GOVERNADOR MARIO COVAS,HORTOLANDIA,3,0,SAO PAULO
2784602,HOSPITAL AUGUSTO DE OLIVEIRA CAMARGO,INDAIATUBA,4,4,SAO PAULO
2087804,HOSPITAL REGIONAL JORGE ROSSMANN DE ITANHAEM,ITANHAEM,7,7,SAO PAULO
2792176,HOSPITAL GERAL DE ITAPECERICA DA SERRA,ITAPECERICA DA SERRA,13,13,SAO PAULO
2078104,HOSPITAL GERAL DE ITAPEVI,ITAPEVI,7,0,SAO PAULO
2081091,HOSPITAL MUNICIPAL DE ITAPIRA,ITAPIRA,5,5,SAO PAULO
2085194,HOSPITAL SAO FRANCISCO DE ASSIS,JACAREI,7,7,SAO PAULO
2023474,HOSPITAL MUNICIPAL WALTER FERRARI,JAGUARIUNA,3,0,SAO PAULO
3012212,HU HOSPITAL UNIVERSITARIO,JUNDIAI,10,10,SAO PAULO
2078066,INTERMEDICA HPS HOSPITAL PAULO SACRAMENTO,JUNDIAI,1,0,SAO PAULO
2825309,HOSPITAL MEDICAL,LIMEIRA,1,0,SAO PAULO
2081458,SANTA CASA DE LIMEIRA,LIMEIRA,8,8,SAO PAULO
2025507,HOSPITAL DAS CLINICAS HCFAMEMA,MARILIA,8,8,SAO PAULO
2090961,HOSPITAL CARLOS FERNANDO MALZONI MATAO,MATAO,5,5,SAO PAULO
2082349,HOSPITAL DE CLINICAS DR RADAMES NARDINI,MAUA,12,12,SAO PAULO
2080052,HOSPITAL NOSSA SENHORA APARECIDA,MOGI DAS CRUZES,19,15,SAO PAULO
2096463,SANTA CASA DE MOGI GUACU,MOGI GUACU,8,6,SAO PAULO
0008036,HOSPITAL MATERNIDADE AMADOR AGUIAR,OSASCO,20,12,SAO PAULO
4049020,SANTA CASA DE OURINHOS,OURINHOS,4,4,SAO PAULO
2077434,HOSPITAL DR LEOPOLDO BEVILACQUA,PARIQUERA-ACU,7,7,SAO PAULO
2081059,HOSPITAL MUNICIPAL DE PAULINIA,PAULINIA,4,0,SAO PAULO
7755333,HOSPITAL 10 DE JULHO,PINDAMONHANGABA,3,0,SAO PAULO
2755092,SANTA CASA DE PINDAMONHANGABA,PINDAMONHANGABA,10,7,SAO PAULO
2087057,HOSPITAL DOS FORNECEDORES DE CANA DE PIRACICABA,PIRACICABA,5,5,SAO PAULO
2772310,SANTA CASA DE PIRACICABA,PIRACICABA,2,2,SAO PAULO
2755130,HOSPITAL DOMINGOS LEONARDO CERAVOLO PRESIDENTE PRUDENTE,PRESIDENTE PRUDENTE,10,0,SAO PAULO
2750511,HOSPITAL ESTADUAL DR ODILO ANTUNES DE SIQUEIRA P PRUDENTE,PRESIDENTE PRUDENTE,15,10,SAO PAULO
2081873,HOSPITAL E MATERNIDADE DE RANCHARIA,RANCHARIA,2,0,SAO PAULO
2079119,CENTRO DE REF DA SAUDE DA MULHER DE R PRETO MATER,RIBEIRAO PRETO,5,5,SAO PAULO
2082187,HOSPITAL DAS CLINICAS FAEPA RIBEIRAO PRETO,RIBEIRAO PRETO,21,21,SAO PAULO
3314766,HOSPITAL ELECTRO BONINI RIBEIRAO PRETO,RIBEIRAO PRETO,5,0,SAO PAULO
2082888,SANTA CASA DE RIO CLARO,RIO CLARO,8,5,SAO PAULO
2084058,SANTA CASA MISER STACRUZ RIO PARDO,SANTA CRUZ DO RIO PARDO,5,5,SAO PAULO
2072513,HOSPITAL E MATERNIDADE MUNICIPAL SANTA ANA,SANTANA DE PARNAIBA,2,0,SAO PAULO
6020917,HOSPITAL DA MULHER MARIA JOSE DOS SANTOS STEIN,SANTO ANDRE,8,8,SAO PAULO
2080273,HOSPITAL ESTADUAL MARIO COVAS DE SANTO ANDRE,SANTO ANDRE,12,10,SAO PAULO
6998704,COMPLEXO HOSPITALAR DOS ESTIVADORES,SANTOS,4,4,SAO PAULO
2025760,HOSPITAL ANA COSTA,SANTOS,5,0,SAO PAULO
2079720,HOSPITAL GUILHERME ALVARO SANTOS,SANTOS,5,5,SAO PAULO
2027356,HOSPITAL DA MULHER,SAO BERNARDO DO CAMPO,22,22,SAO PAULO
9738754,HOSPITAL E MATERNIDADE NOTRECARE ABC,SAO BERNARDO DO CAMPO,4,0,SAO PAULO
6273270,HOSPITAL E MATERNIDADE SANTA HELENA,SAO BERNARDO DO CAMPO,8,0,SAO PAULO
2082594,COMPLEXO HOSPITALAR MUNICIPAL,SAO CAETANO DO SUL,9,0,SAO PAULO
2077396,HOSPITAL DE BASE DE SAO JOSE DO RIO PRETO,SAO JOSE DO RIO PRETO,19,16,SAO PAULO
0009628,HOSPITAL MUNICIPAL DR JOSE DE CARVALHO FLORENCE,SAO JOSE DOS CAMPOS,16,16,SAO PAULO
2077574,CONJUNTO HOSPITALAR DO MANDAQUI SAO PAULO,SAO PAULO,6,6,SAO PAULO
2078015,HC DA FMUSP HOSPITAL DAS CLINICAS SAO PAULO,SAO PAULO,4,4,SAO PAULO
2752077,HOSP DO SERV PUB MUNICIPAL HSPM,SAO PAULO,6,0,SAO PAULO
5420938,HOSP MUN CARMEN PRUDENTE,SAO PAULO,10,10,SAO PAULO
2786680,HOSP MUN FERNANDO MAURO PIRES DA ROCHA,SAO PAULO,12,0,SAO PAULO
9465464,HOSP MUN JOSANIAS CASTANHA BRAGA,SAO PAULO,20,0,SAO PAULO
5718368,HOSP MUN M BOI MIRIM,SAO PAULO,22,0,SAO PAULO
2079186,HOSP MUN MAT ESC DR MARIO DE MORAES A SILVA,SAO PAULO,26,26,SAO PAULO
2075717,HOSP MUN MATERNIDADE PROFESSOR MARIO DEGNI,SAO PAULO,8,6,SAO PAULO
2082829,HOSP MUN PROFESSOR DOUTOR ALIPIO CORREA NETTO,SAO PAULO,24,0,SAO PAULO
2080583,HOSP MUN TIDE SETUBAL,SAO PAULO,6,6,SAO PAULO
2077388,HOSPITAL AMPARO MATERNAL,SAO PAULO,13,8,SAO PAULO
2058502,HOSPITAL DO SERV PUB EST FCO MORATO DE OLIVEIRA SAO PAULO,SAO PAULO,12,0,SAO PAULO
2077701,HOSPITAL E MATERNIDADE LEONOR MENDES DE BARROS SAO PAULO,SAO PAULO,22,22,SAO PAULO
2091585,HOSPITAL ESTADUAL DE SAPOPEMBA SAO PAULO,SAO PAULO,8,8,SAO PAULO
2077426,HOSPITAL ESTADUAL DE VILA ALPINA ORG SOCIAL SECONCI SAO PAUL,SAO PAULO,6,6,SAO PAULO
2066092,HOSPITAL GERAL DE PEDREIRA,SAO PAULO,19,19,SAO PAULO
2077493,HOSPITAL GERAL DE SAO MATEUS SAO PAULO,SAO PAULO,10,10,SAO PAULO
2091755,HOSPITAL GERAL DE VILA PENTEADO DR JOSE PANGELLA SAO PAULO,SAO PAULO,9,0,SAO PAULO
2077671,HOSPITAL GERAL DO GRAJAU PROF LIBER JOHN ALPHONSE DI DIO SP,SAO PAULO,9,9,SAO PAULO
2079240,HOSPITAL GERAL JESUS TEIXEIRA DA COSTA GUAIANASES SAO PAULO,SAO PAULO,16,16,SAO PAULO
2077620,HOSPITAL GERAL SANTA MARCELINA DE ITAIM PAULISTA SAO PAULO,SAO PAULO,16,16,SAO PAULO
2088517,HOSPITAL INFANTIL CANDIDO FONTOURA SAO PAULO,SAO PAULO,12,6,SAO PAULO
2082225,HOSPITAL KATIA DE SOUZA RODRIGUES TAIPAS SAO PAULO,SAO PAULO,23,7,SAO PAULO
2065665,HOSPITAL MATERNIDADE INTERLAGOS,SAO PAULO,15,15,SAO PAULO
9490604,HOSPITAL SAGRADA FAMILIA,SAO PAULO,8,0,SAO PAULO
4060105,HOSPITAL SANTA ISABEL,SAO PAULO,4,0,SAO PAULO
2077477,HOSPITAL SANTA MARCELINA SAO PAULO,SAO PAULO,11,6,SAO PAULO
2076896,HOSPITAL SAO LUIZ GONZAGA,SAO PAULO,10,0,SAO PAULO
2077485,HOSPITAL SAO PAULO HOSPITAL DE ENSINO DA UNIFESP SAO PAULO,SAO PAULO,9,9,SAO PAULO
3027813,MASTER CLIN,SAO PAULO,2,0,SAO PAULO
2079542,MATERNIDADE SANTA JOANA,SAO PAULO,12,0,SAO PAULO
2688689,SANTA CASA DE SAO PAULO HOSPITAL CENTRAL SAO PAULO,SAO PAULO,12,12,SAO PAULO
2688611,SAO LUIZ UNIDADE ITAIM,SAO PAULO,13,0,SAO PAULO
2077523,UNIDADE DE GESTAO ASSISTENCIAL II HOSPITAL IPIRANGA SP,SAO PAULO,9,9,SAO PAULO
6966594,HOSPITAL E MATERNIDADE MUNICIPAL DE SAO VICENTE,SAO VICENTE,5,0,SAO PAULO
2084171,HOSPITAL E MATERNIDADE SAO JOSE,SERTAOZINHO,5,5,SAO PAULO
2081695,CONJUNTO HOSPITALAR SOROCABA,SOROCABA,15,15,SAO PAULO
2708779,SANTA CASA DE SOROCABA,SOROCABA,3,0,SAO PAULO
2083981,HOSPITAL ESTADUAL SUMARE,SUMARE,10,10,SAO PAULO
7849184,HOSPITAL SANTA MARIA DE SUZANO,SUZANO,3,0,SAO PAULO
2079860,SANTA CASA DE SUZANO,SUZANO,10,10,SAO PAULO
2079828,HOSPITAL GERAL PIRAJUSSARA TABOAO DA SERRA,TABOAO DA SERRA,16,16,SAO PAULO
2078295,SANTA CASA DE TAQUARITINGA,TAQUARITINGA,4,4,SAO PAULO
2081377,SANTA CASA DE VOTUPORANGA,VOTUPORANGA,3,3,SAO PAULO
2755165,HOSPITAL DOM ORIONE DE ARAGUAINA,ARAGUAINA,21,21,TOCANTINS
2792451,HOSPITAL REGIONAL DE ARRAIAS,ARRAIAS,4,0,TOCANTINS
2468972,HOSPITAL REGIONAL DE AUGUSTINOPOLIS,AUGUSTINOPOLIS,5,0,TOCANTINS
2765640,HOSPITAL REGIONAL DE GUARAI,GUARAI,3,0,TOCANTINS
2786109,HOSPITAL REGIONAL DE GURUPI,GURUPI,4,4,TOCANTINS
2792478,HOSPITAL E MATERNIDADE CRISTO REI PALMAS,PALMAS,10,0,TOCANTINS
2755157,HOSPITAL E MATERNIDADE D REGINA S CAMPOS DE PALMAS,PALMAS,23,20,TOCANTINS
7373120,HOSPITAL PALMAS MEDICAL HPM,PALMAS,10,0,TOCANTINS
3668770,HOSPITAL MATERNO INFANTIL TIA DEDE,PORTO NACIONAL,6,0,TOCANTINS



