CNES,Estabelecimento,Municipios,Existentes,SUS,Estado
2000296,HOSPITAL DA MULHER E DA CRIANCA DO JURUA,CRUZEIRO DO SUL,5,0,ACRE
2002078,HOSPITAL SANTA JULIANA,RIO BRANCO,6,5,ACRE
2000733,MATERNIDADE E CLINICAS DE MULHERES BARBARA HELIODORA,RIO BRANCO,10,10,ACRE
6497314,SANTA CASA,RIO BRANCO,2,0,ACRE
2005050,HOSPITAL REGIONAL DE ARAPIRACA,ARAPIRACA,10,10,ALAGOAS
2006197,HOSPITAL UNIVERSITARIO PROF ALBERTO ANTUNES,MACEIO,25,10,ALAGOAS
2006448,HOSPITAL VEREDAS,MACEIO,5,2,ALAGOAS
2009250,MATERNIDADE ESCOLA SANTA MONICA,MACEIO,27,27,ALAGOAS
7708963,SANTA CASA DE MACEIO UNIDADE FAROL,MACEIO,10,0,ALAGOAS
2007037,SANTA CASA DE MISERICORDIA DE MACEIO,MACEIO,10,0,ALAGOAS
2010631,HOSPITAL REGIONAL SANTA RITA E MATERNIDADE SANTA OLIMPIA,PALMEIRA DOS INDIOS,8,8,ALAGOAS
5616298,HOSPITAL REGIONAL DR CLODOLFO RODRIGUES DE MELO,SANTANA DO IPANEMA,10,10,ALAGOAS
2010151,SANTA CASA DE MISERICORDIA DE SAO MIGUEL DOS CAMPOS,SAO MIGUEL DOS CAMPOS,8,8,ALAGOAS
0459631,HOSPITAL MATERNIDADE UNIMED,MANAUS,10,0,AMAZONAS
2018365,HOSPITAL SANTO ALBERTO,MANAUS,8,0,AMAZONAS
6627595,INSTITUTO DA MULHER DONA LINDU,MANAUS,15,10,AMAZONAS
3004104,MATERNIDADE AZILDA DA SILVA MARREIRO,MANAUS,5,5,AMAZONAS
2019558,MATERNIDADE BALBINA MESTRINHO,MANAUS,16,10,AMAZONAS
3151794,MATERNIDADE DE REFERENCIA ANA BRAGA,MANAUS,25,25,AMAZONAS
2017318,MATERNIDADE DONA NAZIRA DAOU,MANAUS,5,4,AMAZONAS
2012480,MATERNIDADE MUNICIPAL DR MOURA TAPAJOZ,MANAUS,5,5,AMAZONAS
3210243,HOSPITAL REGIONAL DR JOFRE DE MATOS COHEN,PARINTINS,5,0,AMAZONAS
2019647,SES AP HOSPITAL DA CRIANCA E DO ADOLESCENTE,MACAPA,38,5,AMAPA
3972925,HOSPITAL DO OESTE,BARREIRAS,10,7,BAHIA
4022718,HOSPITAL MUNICIPAL CARMELA DUTRA,BOM JESUS DA LAPA,10,0,BAHIA
2386569,HOSPITAL MUNICIPAL PROF MAGALHAES NETO,BRUMADO,10,0,BAHIA
3821978,MATERNIDADE REGIONAL DE CAMACARI,CAMACARI,10,0,BAHIA
2556502,HOSPITAL RAMOS,EUNAPOLIS,5,0,BAHIA
6602533,HOSPITAL ESTADUAL DA CRIANCA,FEIRA DE SANTANA,30,10,BAHIA
2799758,HOSPITAL GERAL CLERISTON ANDRADE,FEIRA DE SANTANA,5,5,BAHIA
2799278,HOSPITAL INACIA PINTO DOS SANTOS,FEIRA DE SANTANA,9,8,BAHIA
2804034,HOSPITAL GERAL DE GUANAMBI,GUANAMBI,10,10,BAHIA
2415844,HOSPITAL MATERNO INFANTIL DOUTOR JOAQUIM SAMPAIO,ILHEUS,10,0,BAHIA
4026896,HOSPITAL REGIONAL DR MARIO DOURADO SOBRINHO,IRECE,10,10,BAHIA
2525569,HOSPITAL MANOEL NOVAES,ITABUNA,22,20,BAHIA
6923356,SANTA CASA DE MISERICORDIA SAO JUDAS TADEU,JEQUIE,14,14,BAHIA
2799790,HOSPITAL GERAL SANTA TEREZA,RIBEIRA DO POMBAL,4,0,BAHIA
0003875,HOSPITAL ANA NERY,SALVADOR,4,4,BAHIA
2470667,HOSPITAL DA SAGRADA FAMILIA,SALVADOR,15,7,BAHIA
0003859,HOSPITAL GERAL ROBERTO SANTOS,SALVADOR,25,25,BAHIA
2802082,HOSPITAL JORGE VALENTE,SALVADOR,12,0,BAHIA
0004278,HOSPITAL MARTAGAO GESTEIRA,SALVADOR,10,10,BAHIA
0004251,HOSPITAL PORTUGUES,SALVADOR,20,0,BAHIA
0003832,HOSPITAL SANTA ISABEL,SALVADOR,2,2,BAHIA
5407591,HOSPITAL SANTO AMARO,SALVADOR,19,0,BAHIA
6558143,HOSPITAL TEREZA DE LISIEUX,SALVADOR,10,0,BAHIA
0004731,MATERNIDADE CLIMERIO DE OLIVEIRA,SALVADOR,10,10,BAHIA
0004081,MATERNIDADE MARIA DA CONCEICAO DE JESUS,SALVADOR,10,0,BAHIA
3956369,MATERNIDADE PROFESSOR JOSE MARIA DE MAGALHAES NETO,SALVADOR,48,48,BAHIA
2770512,HOSPITAL MUNICIPAL DOM ANTONIO MONTEIRO,SENHOR DO BONFIM,10,0,BAHIA
5005027,UMMI UNIDADE MUNICIPAL MATERNO INFANTIL,TEIXEIRA DE FREITAS,16,16,BAHIA
2402076,COMPLEXO HOSPITALAR DE VITORIA DA CONQUISTA CHVC,VITORIA DA CONQUISTA,10,10,BAHIA
2402564,HOSPITAL MUNICIPAL ESAU MATOS,VITORIA DA CONQUISTA,10,10,BAHIA
2402092,HOSPITAL SAO GERALDO,VITORIA DA CONQUISTA,2,0,BAHIA
2407205,SAMUR,VITORIA DA CONQUISTA,10,0,BAHIA
2564211,HOSPITAL MATERNIDADE SAO VICENTE DE PAULO HMSVP,BARBALHA,20,20,CEARA
2481073,HOSPITAL SAO LUCAS,CRATEUS,10,0,CEARA
2415488,HOSPITAL E MATERNIDADE SAO FRANCISCO DE ASSIS,CRATO,10,10,CEARA
2499363,HGCC HOSPITAL GERAL DR CESAR CALS,FORTALEZA,20,20,CEARA
2497654,HGF HOSPITAL GERAL DE FORTALEZA,FORTALEZA,32,32,CEARA
2563681,HIAS HOSPITAL INFANTIL ALBERT SABIN,FORTALEZA,12,12,CEARA
2611686,HOSPITAL CURA DARS,FORTALEZA,10,10,CEARA
7047428,HOSPITAL E MATERNIDADE DRA ZILDA ARNS NEUMANN,FORTALEZA,20,10,CEARA
3053687,HOSPITAL E MATERNIDADE GASTROCLINICA,FORTALEZA,15,0,CEARA
2785900,HOSPITAL GERAL DR WALDEMAR ALCANTARA,FORTALEZA,8,8,CEARA
3283437,ICCA INSTITUTO DO CORACAO DA CRIANCA E DO ADOLESCENTE,FORTALEZA,1,1,CEARA
2481286,MATERNIDADE ESCOLA ASSIS CHATEAUBRIAND,FORTALEZA,21,21,CEARA
2562499,HOSPITAL MATERNIDADE SAO LUCAS,JUAZEIRO DO NORTE,10,8,CEARA
2328399,HOSPITAL E MATERNIDADE JESUS MARIA JOSE HMJMJ,QUIXADA,10,10,CEARA
7061021,HOSPITAL REGIONAL DO SERTAO CENTRAL,QUIXERAMOBIM,10,0,CEARA
6848710,HOSPITAL REGIONAL NORTE,SOBRAL,10,10,CEARA
3021114,SANTA CASA DE MISERICORDIA DE SOBRAL,SOBRAL,15,15,CEARA
2560852,HOSPITAL MATERNIDADE MADALENA NUNES,TIANGUA,10,0,CEARA
0010480,HOSPITAL REGIONAL DE CEILANDIA,BRASILIA,10,8,DISTRITO FEDERAL
2649497,HOSPITAL SANTA MARTA TAGUATINGA,BRASILIA,14,5,DISTRITO FEDERAL
3018520,HOSPITAL SAO FRANCISCO,BRASILIA,10,5,DISTRITO FEDERAL
0010510,HOSPITAL UNIVERSITARIO DE BRASILIA,BRASILIA,10,10,DISTRITO FEDERAL
0010502,HRS,BRASILIA,10,0,DISTRITO FEDERAL
5717515,HRSM,BRASILIA,20,20,DISTRITO FEDERAL
0010499,HRT HOSPITAL REGIONAL DE TAGUATINGA,BRASILIA,8,3,DISTRITO FEDERAL
7981457,MATERNIDADE BRASILIA,BRASILIA,30,0,DISTRITO FEDERAL
2485729,HIFA HOSPITAL MATERNO INFANTIL FRANCISCO DE ASSIS,CACHOEIRO DE ITAPEMIRIM,20,5,ESPIRITO SANTO
2547821,HOSPITAL EVANGELICO DE CACHOEIRO DE ITAPEMIRIM,CACHOEIRO DE ITAPEMIRIM,15,14,ESPIRITO SANTO
2448521,HOSPITAL SAO JOSE,COLATINA,21,20,ESPIRITO SANTO
7557523,HIFA GUARAPARI,GUARAPARI,10,8,ESPIRITO SANTO
2465833,HOSPITAL RIO DOCE,LINHARES,10,8,ESPIRITO SANTO
0678627,LINHARES MEDICAL CENTER S A,LINHARES,5,0,ESPIRITO SANTO
7257406,HOSPITAL ESTADUAL DR JAYME SANTOS NEVES,SERRA,20,20,ESPIRITO SANTO
3450198,VITORIA APART HOSPITAL S A,SERRA,18,0,ESPIRITO SANTO
5417139,CENTRO MEDICO HOSPITALAR DE VILA VELHA S A,VILA VELHA,17,0,ESPIRITO SANTO
2678179,HOSPITAL INFANTIL E MATERNIDADE ALZIR BERNARDINO ALVES,VILA VELHA,30,30,ESPIRITO SANTO
3537943,HOSPITAL SANTA MONICA,VILA VELHA,10,0,ESPIRITO SANTO
3421597,MERIDIONAL PRAIA DA COSTA,VILA VELHA,5,0,ESPIRITO SANTO
0011800,HOSPITAL INFANTIL NOSSA SENHORA DA GLORIA,VITORIA,9,9,ESPIRITO SANTO
0011738,HOSPITAL SANTA RITA DE CASSIA,VITORIA,10,0,ESPIRITO SANTO
4044916,HOSPITAL UNIVERSITARIO CASSIANO ANTONIO MORAES HUCAM,VITORIA,10,10,ESPIRITO SANTO
3188213,MATERNIDADE SANTA URSULA,VITORIA,7,0,ESPIRITO SANTO
7581467,MATERNIDADE UNIMED VITORIA,VITORIA,10,0,ESPIRITO SANTO
0011843,SANTA CASA DE MISERICORDIA DE VITORIA UNIDADE PRO MATRE,VITORIA,9,7,ESPIRITO SANTO
2361787,SANTA CASA DE MISERICORDIA DE ANAPOLIS,ANAPOLIS,10,10,GOIAS
2589737,HOSPITAL GARAVELO,APARECIDA DE GOIANIA,16,8,GOIAS
2442620,HOSPITAL E MATERNIDADE SAO NICOLAU,CATALAO,10,0,GOIAS
3427633,AMPARO MATERNIDADE,GOIANIA,14,0,GOIAS
7975023,HOSPITAL AMERICA,GOIANIA,10,0,GOIAS
2339722,HOSPITAL DA CRIANCA,GOIANIA,20,6,GOIAS
2338424,HOSPITAL DAS CLINICAS,GOIANIA,8,8,GOIAS
2506858,HOSPITAL E MATERNIDADE DONA IRIS,GOIANIA,10,10,GOIAS
0024074,HOSPITAL E MATERNIDADE MUNICIPAL CELIA CAMARA,GOIANIA,10,10,GOIAS
2337754,HOSPITAL E MATERNIDADE SANTA BARBARA,GOIANIA,11,7,GOIAS
2339196,HOSPITAL ESTADUAL DA MULHER DR JURANDIR DO NASCIMENTO HEMU,GOIANIA,29,29,GOIAS
2337851,HOSPITAL INFANTIL DE CAMPINAS,GOIANIA,10,0,GOIAS
2337800,HOSPITAL JACOB FACURI,GOIANIA,30,16,GOIAS
2519054,IGOPE,GOIANIA,11,0,GOIAS
2517949,MATERNIDADE E HOSPITAL SAO JUDAS TADEU,GOIANIA,20,16,GOIAS
2518392,MATERNIDADE ELA,GOIANIA,10,0,GOIAS
2340704,HOSPITAL PRESBITERIANO DR GORDON,RIO VERDE,10,0,GOIAS
2340712,HOSPITAL SANTA TEREZINHA,RIO VERDE,3,0,GOIAS
0547484,HOSPITAL ESTADUAL DO CENTRO NORTE GOIANO,URUACU,10,10,GOIAS
9336508,HOSPITAL REGIONAL DE BALSAS,BALSAS,4,4,MARANHAO
2453665,MATERNIDADE CARMOSINA COUTINHO,CAXIAS,11,11,MARANHAO
9627812,MATERNIDADE ESTADUAL HUMBERTO COUTINHO,COLINAS,4,0,MARANHAO
7088302,HOSPITAL REGIONAL ALEXANDRE MAMEDE TROVAO DE COROATA,COROATA,4,4,MARANHAO
3008045,HOSPITAL DAS CLINICAS,IMPERATRIZ,2,0,MARANHAO
2531348,HOSPITAL SAO RAFAEL,IMPERATRIZ,5,0,MARANHAO
2825856,HOSPITAL UNIMED,IMPERATRIZ,5,0,MARANHAO
2452383,MATERNIDADE DE ALTO RISCO DE IMPERATRIZ,IMPERATRIZ,40,40,MARANHAO
7826060,HOSPITAL REGIONAL DA BAIXADA MARANHENSE DR JACKSON LAGO,PINHEIRO,10,8,MARANHAO
9077413,HOSPITAL REGIONAL TOMAS MARTINS,SANTA INES,4,4,MARANHAO
2702886,COMPLEXO HOSPITALAR MATERNO INFANTIL DO MARANHAO,SAO LUIS,23,23,MARANHAO
2726653,EBSERH HOSPITAL UNIVERSITARIO DA UFMA,SAO LUIS,20,20,MARANHAO
2309254,MATERNIDADE DE ALTA COMPLEXIDADE DO MARANHAO,SAO LUIS,38,38,MARANHAO
2452782,HOSPITAL REGIONAL ALARICO NUNES PACHECO,TIMON,4,4,MARANHAO
2171988,HOSPITAL UNIVERSITARIO ALZIRA VELANO,ALFENAS,6,6,MINAS GERAIS
2171945,SANTA CASA DE ALFENAS,ALFENAS,8,8,MINAS GERAIS
2145960,SANTA CASA DE MISERICORDIA DE ARAGUARI,ARAGUARI,10,10,MINAS GERAIS
2138875,SANTA CASA MISERICORDIA BARBACENA,BARBACENA,8,8,MINAS GERAIS
0027049,HOSP DAS CLINICAS DA UNIV FED DE MINAS GERAIS EBSERH,BELO HORIZONTE,17,17,MINAS GERAIS
0027022,HOSPITAL JULIA KUBITSCHEK,BELO HORIZONTE,10,10,MINAS GERAIS
2192896,HOSPITAL METROPOLITANO ODILON BEHRENS HOB,BELO HORIZONTE,20,20,MINAS GERAIS
0027863,HOSPITAL RISOLETA TOLENTINO NEVES,BELO HORIZONTE,10,4,MINAS GERAIS
0026794,HOSPITAL SOFIA FELDMAN,BELO HORIZONTE,51,50,MINAS GERAIS
0026972,MATERNIDADE ODETE VALADARES,BELO HORIZONTE,20,20,MINAS GERAIS
0027014,SANTA CASA DE BELO HORIZONTE,BELO HORIZONTE,20,20,MINAS GERAIS
9696733,HOSPITAL MATER DEI SA BETIM,BETIM,2,0,MINAS GERAIS
2126494,HOSPITAL PUBLICO REGIONAL PREFEITO OSVALDO REZENDE FRANCO,BETIM,20,20,MINAS GERAIS
9755128,HOSPITAL UNIMED UNIDADE BETIM,BETIM,10,0,MINAS GERAIS
2764776,CASA DE CARIDADE DE CARANGOLA,CARANGOLA,11,10,MINAS GERAIS
6697054,CASU IRMA DENISE,CARATINGA,4,0,MINAS GERAIS
2118513,HOSPITAL NOSSA SENHORA AUXILIADORA,CARATINGA,6,6,MINAS GERAIS
2191164,CMI JUVENTINA PAULA DE JESUS COMPLEXO HOSPITALAR,CONTAGEM,20,20,MINAS GERAIS
2761203,HOSPITAL DE NOSSA SENHORA DA SAUDE,DIAMANTINA,8,8,MINAS GERAIS
2159252,HOSPITAL SAO JOAO DE DEUS,DIVINOPOLIS,8,6,MINAS GERAIS
2142376,HOSPITAL SAO LUIZ DE FORMIGA,FORMIGA,9,9,MINAS GERAIS
2222043,HOSPITAL MUNICIPAL,GOVERNADOR VALADARES,20,20,MINAS GERAIS
2205440,HOSPITAL MARCIO CUNHA,IPATINGA,15,5,MINAS GERAIS
2208857,AISI HOSPITAL DE CLINICAS DE ITAJUBA,ITAJUBA,7,6,MINAS GERAIS
2205939,FUNDAJAN,JANAUBA,10,10,MINAS GERAIS
3019063,HOSPITAL ALBERT SABIN,JUIZ DE FORA,4,0,MINAS GERAIS
2153084,HOSPITAL E MATERNIDADE THEREZINHA DE JESUS,JUIZ DE FORA,8,8,MINAS GERAIS
2111624,HOSPITAL REGIONAL JOAO PENIDO,JUIZ DE FORA,22,22,MINAS GERAIS
9841849,HOSPITAL UNIMED DR HUGO BORGES,JUIZ DE FORA,7,0,MINAS GERAIS
2153882,SANTA CASA DE MISERICORDIA DE JUIZ DE FORA,JUIZ DE FORA,6,6,MINAS GERAIS
2112175,HOSPITAL VAZ MONTEIRO,LAVRAS,3,3,MINAS GERAIS
2111659,SANTA CASA DE MISERICORDIA DE LAVRAS,LAVRAS,10,10,MINAS GERAIS
2173166,HOSPITAL CESAR LEITE,MANHUACU,11,4,MINAS GERAIS
7366108,HOSPITAL DAS CLINICAS DOUTOR MARIO RIBEIRO DA SILVEIRA,MONTES CLAROS,12,10,MINAS GERAIS
2149990,HOSPITAL SANTA CASA DE MONTES CLAROS,MONTES CLAROS,8,8,MINAS GERAIS
2219654,HOSPITAL UNIVERSITARIO CLEMENTE DE FARIA,MONTES CLAROS,10,10,MINAS GERAIS
4042085,CASA DE CARIDADE DE MURIAE HOSPITAL SAO PAULO,MURIAE,6,5,MINAS GERAIS
2162377,CASA DE SAUDE SANTA LUCIA LTDA,MURIAE,5,0,MINAS GERAIS
2115891,NOVA LIMA HOSPITAL VILA DA SERRA,NOVA LIMA,24,0,MINAS GERAIS
2100754,HOSPITAL MUNICIPAL DE PARACATU,PARACATU,4,4,MINAS GERAIS
2775999,IRMANDADE DA SANTA CASA DE MISERICORDIA DE PASSOS,PASSOS,20,18,MINAS GERAIS
2726726,HOSPITAL REGIONAL ANTONIO DIAS,PATOS DE MINAS,6,6,MINAS GERAIS
2726734,HOSPITAL VERA CRUZ,PATOS DE MINAS,9,8,MINAS GERAIS
2209195,HOSPITAL SANTA CASA DE PATROCINIO,PATROCINIO,7,5,MINAS GERAIS
2119528,HOSPITAL DR MOISES MAGALHAES FREIRE,PIRAPORA,8,8,MINAS GERAIS
2129469,SANTA CASA DE POCOS DE CALDAS,POCOS DE CALDAS,14,6,MINAS GERAIS
2111640,HOSPITAL NOSSA SENHORA DAS DORES,PONTE NOVA,10,10,MINAS GERAIS
2127989,HOSPITAL DAS CLIN SAMUEL LIBANIO POUSO ALEGRE,POUSO ALEGRE,10,10,MINAS GERAIS
3050297,HOSPITAL E CLINICA SANTA PAULA,POUSO ALEGRE,7,0,MINAS GERAIS
2161354,SANTA CASA DA MISERICORDIA DE SAO JOAO DEL REI,SAO JOAO DEL REI,7,7,MINAS GERAIS
2764814,CASA DE CARIDADE DE SAO LOURENCO,SAO LOURENCO,10,10,MINAS GERAIS
2146525,SANTA CASA DE PARAISO,SAO SEBASTIAO DO PARAISO,10,8,MINAS GERAIS
2206528,HOSPITAL NOSSA SENHORA DAS GRACAS,SETE LAGOAS,9,9,MINAS GERAIS
2098369,HOSPITAL SANTO ANTONIO,TAIOBEIRAS,8,8,MINAS GERAIS
2208172,HOSPITAL SANTA ROSALIA,TEOFILO OTONI,9,9,MINAS GERAIS
2760657,HOSPITAL SAO SEBASTIAO,TRES CORACOES,5,4,MINAS GERAIS
2195437,HOSPITAL SANTA ISABEL,UBA,6,6,MINAS GERAIS
2195585,CLINICAS INTEGRADAS HOSPITAL UNIVERSITARIO MARIO PALMERIO,UBERABA,10,6,MINAS GERAIS
2206595,HOSPITAL DE CLINICAS DA UFTM,UBERABA,16,16,MINAS GERAIS
9745041,HOSPITAL UNIMED SAO DOMINGOS,UBERABA,6,0,MINAS GERAIS
2146355,HOSPITAL DE CLINICAS DE UBERLANDIA,UBERLANDIA,10,10,MINAS GERAIS
6601804,HOSPITAL E MATERNIDADE MUNICIPAL DR ODELMO LEAO CARNEIRO,UBERLANDIA,10,10,MINAS GERAIS
3597156,HOSPITAL MADRECOR,UBERLANDIA,2,0,MINAS GERAIS
2151871,HOSPITAL SANTA CLARA,UBERLANDIA,9,0,MINAS GERAIS
7433867,UBERLANDIA MEDICAL CENTER,UBERLANDIA,10,0,MINAS GERAIS
2761041,HOSPITAL REGIONAL DO SUL DE MINAS,VARGINHA,15,8,MINAS GERAIS
2099454,HOSPITAL SAO SEBASTIAO,VICOSA,10,8,MINAS GERAIS
0009768,ASSOCIACAO DE AMPARO A MATERNIDADE E A INFANCIA AAMI,CAMPO GRANDE,26,20,MATO GROSSO DO SUL
0009709,EBSERH HOSP UNIV MARIA APARECIDA PEDROSSIAN,CAMPO GRANDE,6,6,MATO GROSSO DO SUL
0009725,HOSPITAL REGIONAL DE MATO GROSSO DO SUL,CAMPO GRANDE,10,10,MATO GROSSO DO SUL
2710935,EBSERH HOSPITAL UNIVERSITARIO GRANDE DOURADOS,DOURADOS,10,10,MATO GROSSO DO SUL
2371375,HOSPITAL EVANGELICO DR SRA GOLDSBY KING,DOURADOS,10,8,MATO GROSSO DO SUL
3074889,HOSPITAL SANTA RITA,DOURADOS,7,0,MATO GROSSO DO SUL
2756951,HOSPITAL NOSSA SENHORA AUXILIADORA,TRES LAGOAS,12,0,MATO GROSSO DO SUL
2395037,HOSPITAL SAO LUIZ,CACERES,10,0,MATO GROSSO
2392410,HOSPITAL REGIONAL DE COLIDER,COLIDER,8,0,MATO GROSSO
2494523,FEMINA HOSPITAL INFANTIL E MATERNIDADE,CUIABA,3,3,MATO GROSSO
2495015,HOSPITAL E PRONTO SOCORRO MUNICIPAL DE CUIABA,CUIABA,3,3,MATO GROSSO
9841903,HOSPITAL ESTADUAL SANTA CASA,CUIABA,9,0,MATO GROSSO
2659107,HOSPITAL GERAL E MATERNIDADE DE CUIABA,CUIABA,12,10,MATO GROSSO
2311682,HOSPITAL SANTA HELENA,CUIABA,22,18,MATO GROSSO
2655411,HOSPITAL UNIVERSITARIO JULIO MULLER EBSERH,CUIABA,10,10,MATO GROSSO
0942898,IMATI,CUIABA,10,0,MATO GROSSO
2767953,HOSPITAL SAO LUCAS LUCAS DO RIO VERDE,LUCAS DO RIO VERDE,10,0,MATO GROSSO
0901725,HOSPITAL REGIONAL HILDA STRENGER RIBEIRO NOVA MUTUM,NOVA MUTUM,4,0,MATO GROSSO
2397463,HOSPITAL E MATERNIDADE SAO LUCAS,PRIMAVERA DO LESTE,10,0,MATO GROSSO
9867635,HOSPITAL DR MARIO PERRONE,RONDONOPOLIS,6,0,MATO GROSSO
2396866,SANTA CASA DE RONDONOPOLIS,RONDONOPOLIS,20,17,MATO GROSSO
2795671,HOSPITAL SANTO ANTONIO,SINOP,10,7,MATO GROSSO
2795655,HOSPITAL REGIONAL DE SORRISO,SORRISO,10,10,MATO GROSSO
2472414,HOSPITAL E MATERNIDADE SANTA ANGELA,TANGARA DA SERRA,15,0,MATO GROSSO
2391635,HOSPITAL E PRONTO SOCORRO MUNICIPAL DE VARZEA GRANDE,VARZEA GRANDE,7,7,MATO GROSSO
5597501,HOSPITAL REGIONAL PUBLICO DA TRANSAMAZONICA,ALTAMIRA,5,5,PARA
7283458,HOSPITAL SANTA MARIA DE ANANINDEUA,ANANINDEUA,10,10,PARA
9461493,HOSPITAL REGIONAL PUBLICO MATERNO INFANTIL DE BARCARENA,BARCARENA,10,10,PARA
2332671,HOSPITAL D LUIZ I,BELEM,10,5,PARA
2333031,HOSPITAL DE CLINICAS GASPAR VIANA,BELEM,10,10,PARA
2340992,HOSPITAL ORDEM TERCEIRA,BELEM,8,6,PARA
9917322,HOSPITAL REGIONAL PUBLICO DR ABELARDO SANTOS,BELEM,20,20,PARA
2332930,MATERNIDADE DO POVO MATRIZ,BELEM,6,0,PARA
2752700,SANTA CASA DE MISERICORDIA DO PARA,BELEM,62,62,PARA
5332427,SAUDE HOSPITAL E MATERNIDADE,BELEM,6,0,PARA
2678403,HOSPITAL SANTO ANTONIO MARIA ZACCARIA,BRAGANCA,10,10,PARA
6710158,HOSPITAL REGIONAL PUBLICO DO MARAJO,BREVES,5,5,PARA
2328992,HOSPITAL REGIONAL DE CONCEICAO DO ARAGUAIA,CONCEICAO DO ARAGUAIA,10,0,PARA
5599504,HOSPITAL REGIONAL DO SUDESTE DO PARA DR GERALDO VELOSO,MARABA,9,9,PARA
4190203,HOSPITAL REGIONAL DA PA 279,OURILANDIA DO NORTE,10,0,PARA
5498465,HOSPITAL REGIONAL PUBLICO DO ARAGUAIA,REDENCAO,5,5,PARA
5585422,HOSPITAL REGIONAL DO BAIXO AMAZONAS DO PA DR WALDEMAR PENNA,SANTAREM,19,19,PARA
2621614,HOSPITAL REGIONAL DE TUCURUI,TUCURUI,10,8,PARA
2362821,CLIPSI,CAMPINA GRANDE,6,6,PARAIBA
2315793,HOSPITAL ESCOLA DA FAP,CAMPINA GRANDE,10,5,PARAIBA
2362287,INSTITUTO DE SAUDE ELPIDIO DE ALMEIDA,CAMPINA GRANDE,10,10,PARAIBA
7870930,HOSPITAL DAS NEVES,JOAO PESSOA,5,0,PARAIBA
2400324,HOSPITAL EDSON RAMALHO,JOAO PESSOA,10,10,PARAIBA
2399318,HOSPITAL INFANTIL ARLINDA MARQUES,JOAO PESSOA,2,0,PARAIBA
3001377,HOSPITAL JOAO PAULO II,JOAO PESSOA,4,0,PARAIBA
2399644,MATERNIDADE CANDIDA VARGAS,JOAO PESSOA,12,12,PARAIBA
2707527,MATERNIDADE FREI DAMIAO,JOAO PESSOA,10,5,PARAIBA
2605414,MATERNIDADE PEREGRINO FILHO,PATOS,10,5,PARAIBA
2639262,HOSPITAL E MATERNIDADE SANTA MARIA,ARARIPINA,10,0,PERNAMBUCO
2319454,HOSPITAL MEMORIAL GUARARAPES,JABOATAO DOS GUARARAPES,34,30,PERNAMBUCO
2428393,HOSPITAL REGIONAL DE PALMARES DR SILVIO MAGALHAES,PALMARES,5,5,PERNAMBUCO
2315343,HVU HOSPITAL VALE DO UNA,PALMARES,10,0,PERNAMBUCO
9698469,HOSPITAL DA UNIMED EM PETROLINA,PETROLINA,6,0,PERNAMBUCO
2430711,HOSPITAL DOM MALAN,PETROLINA,9,6,PERNAMBUCO
2711613,CENTRO UNIVERSITARIO INTEGRADO DE SAUDE AMAURY DE MEDEIROS,RECIFE,12,12,PERNAMBUCO
0000418,HOSPITAL AGAMENON MAGALHAES,RECIFE,15,15,PERNAMBUCO
2427427,HOSPITAL BARAO DE LUCENA,RECIFE,18,18,PERNAMBUCO
0000396,HOSPITAL DAS CLINICAS,RECIFE,10,10,PERNAMBUCO
2355906,HOSPITAL ESPERANCA S A,RECIFE,10,0,PERNAMBUCO
9624864,HOSPITAL GERAL MATERNO INFANTIL HGMI,RECIFE,16,0,PERNAMBUCO
0000566,HOSPITAL MARIA LUCINDA,RECIFE,3,0,PERNAMBUCO
0000434,IMIP,RECIFE,10,0,PERNAMBUCO
0001120,REAL HOSPITAL PORTUGUES,RECIFE,10,0,PERNAMBUCO
7958838,US 444 HOSPITAL DA MULHER DO RECIFE DRA MERCES PONTES CUNHA,RECIFE,10,10,PERNAMBUCO
2712008,HOSPITAL JOAO MURILO E POLICLINICA DE VITORIA,VITORIA DE SANTO ANTAO,10,10,PERNAMBUCO
2365146,HOSPITAL REGIONAL TIBERIO NUNES,FLORIANO,10,10,PIAUI
8015899,HOSPITAL ESTADUAL DIRCEU ARCOVERDE,PARNAIBA,10,10,PIAUI
9624325,HOSPITAL RIO POTY,TERESINA,5,0,PIAUI
7029527,HOSPITAL SAO PEDRO,TERESINA,10,0,PIAUI
2323397,MATERNIDADE DONA EVANGELINA ROSA,TERESINA,30,30,PIAUI
2727064,MATERNIDADE MUNICIPAL PROF WALL FERRAZ,TERESINA,8,7,PIAUI
2439263,HNSG HOSPITAL PROVIDENCIA MATERNO INFANTIL,APUCARANA,8,8,PARANA
5995280,HOSPITAL MUNICIPAL DE ARAUCARIA,ARAUCARIA,6,6,PARANA
0013633,HOSPITAL ANGELINA CARON,CAMPINA GRANDE DO SUL,9,9,PARANA
0013846,HOSPITAL DO ROCIO,CAMPO LARGO,89,85,PARANA
6426204,HOSPITAL INFANTIL DOUTOR WALDEMAR MONASTIER,CAMPO LARGO,20,20,PARANA
0014109,HOSPITAL SANTA CASA DE MISERICORDIA,CAMPO MOURAO,7,5,PARANA
2738309,HOSPITAL DE ENSINO SAO LUCAS,CASCAVEL,10,5,PARANA
2738899,HOSPITAL POLICLINICA CASCAVEL,CASCAVEL,8,0,PARANA
2738368,HOSPITAL UNIVERSITARIO DO OESTE DO PARANA,CASCAVEL,11,10,PARANA
2582449,SANTA CASA DE CORNELIO PROCOPIO,CORNELIO PROCOPIO,10,4,PARANA
0015369,COMPLEXO HOSPITALAR DO TRABALHADOR,CURITIBA,8,8,PARANA
0015318,HNSG,CURITIBA,15,1,PARANA
2715864,HOSPITAL NOSSA SRA DAS GRACAS MATERNIDADE MATER DEI,CURITIBA,10,10,PARANA
2361167,HOSPITAL ONIX,CURITIBA,4,0,PARANA
3000869,HOSPITAL SANTA CRUZ,CURITIBA,10,0,PARANA
0015717,NOSSA SENHORA DE FATIMA HOSPITAL DA MULHER E MATERNIDADE,CURITIBA,10,0,PARANA
2591049,HOSPITAL MINISTRO COSTA CAVALCANTI,FOZ DO IGUACU,14,8,PARANA
6424341,HOSPITAL REGIONAL DO SUDOESTE WALTER ALBERTO PECOITS F B,FRANCISCO BELTRAO,10,10,PARANA
2741989,HOSPITAL DE CARIDADE SAO VICENTE DE PAULO,GUARAPUAVA,8,7,PARANA
2742047,INSTITUTO VIRMOND,GUARAPUAVA,9,6,PARANA
2783789,SANTA CASA DE IRATI,IRATI,11,10,PARANA
2590727,HOSPITAL BOM JESUS,IVAIPORA,14,11,PARANA
9365230,HOSPITAL BOM SAMARITANO DE MARINGA,MARINGA,6,0,PARANA
2587335,HOSPITAL UNIVERSITARIO REGIONAL DE MARINGA,MARINGA,6,6,PARANA
2594714,SANTA CASA DE MARINGA HOSPITAL E MAT M AUXILIADORA,MARINGA,13,13,PARANA
2754738,SANTA CASA DE PARANAVAI,PARANAVAI,11,9,PARANA
0017868,HOSPITAL FILANTROPICO POLICLINICA,PATO BRANCO,5,5,PARANA
0017884,ISSAL,PATO BRANCO,7,7,PARANA
6542638,HOSPITAL UNIVERSITARIO REGIONAL DOS CAMPOS GERAIS,PONTA GROSSA,6,6,PARANA
2686953,SANTA CASA DE MISERICORDIA DE PONTA GROSSA,PONTA GROSSA,12,10,PARANA
3316300,HOSPITAL REGIONAL DO NORTE PIONEIRO,SANTO ANTONIO DA PLATINA,10,10,PARANA
0253170,HOSPITAL MADRE DE DIO,SAO MIGUEL DO IGUACU,10,0,PARANA
0462799,IMADI,SAO MIGUEL DO IGUACU,10,0,PARANA
2825589,METROPOLITANA DE SARANDI,SARANDI,8,8,PARANA
4056752,HOESP,TOLEDO,11,10,PARANA
2679736,ASSOCIACAO BENEFICENTE SAO FRANCISCO DE ASSIS,UMUARAMA,7,7,PARANA
2594366,INSTITUTO NOSSA SENHORA APARECIDA,UMUARAMA,4,0,PARANA
3005011,NOROSPAR,UMUARAMA,12,10,PARANA
2568373,ASSOCIACAO DE PROTECAO A MATERNIDADE E A INFANCIA,UNIAO DA VITORIA,10,8,PARANA
2280868,HOSPITAL E MATERNIDADE DE ANGRA DOS REIS HMAR,ANGRA DOS REIS,12,4,RIO DE JANEIRO
9903496,INOVA MEDIC,ANGRA DOS REIS,15,0,RIO DE JANEIRO
2296977,CASA DE SAUDE SANTA MARIA SA,BARRA MANSA,10,0,RIO DE JANEIRO
5878640,HOSPITAL MATERNIDADE THERESA SACCHI DE MOURA,BARRA MANSA,6,6,RIO DE JANEIRO
4104269,INOVA MEDIC SERVICOS ESPECIALIZADOS EM SAUDE,BARRA MANSA,10,0,RIO DE JANEIRO
6392415,INTENSI BABY,BARRA MANSA,4,0,RIO DE JANEIRO
2280051,SANTA CASA DE MISERICORDIA DE BARRA MANSA,BARRA MANSA,10,0,RIO DE JANEIRO
2298317,HOSPITAL DOS PLANTADORES DE CANA,CAMPOS DOS GOYTACAZES,20,20,RIO DE JANEIRO
2290227,HOSPITAL MUNICIPAL ADAO PEREIRA NUNES,DUQUE DE CAXIAS,12,12,RIO DE JANEIRO
2278855,HOSPITAL SAO JOSE DO AVAI,ITAPERUNA,16,8,RIO DE JANEIRO
5412447,HOSPITAL PUBLICO MUNICIPAL DE MACAE HPM,MACAE,10,0,RIO DE JANEIRO
7011857,SES RJ COMPLEXO REG DE MESQUITA MATERNID E CLINICA DA MULHER,MESQUITA,10,0,RIO DE JANEIRO
5073898,DOMINGOS LOURENCO HOSPITAL E MATERNIDADE,NILOPOLIS,45,0,RIO DE JANEIRO
0012505,HOSPITAL UNIVERSITARIO ANTONIO PEDRO,NITEROI,8,8,RIO DE JANEIRO
6861873,MATERNIDADE SAO FRANCISCO,NITEROI,10,0,RIO DE JANEIRO
0055859,NATOCARE UTI NEONATAL,NITEROI,21,0,RIO DE JANEIRO
3022080,NEOTIN NEONATAL,NITEROI,40,0,RIO DE JANEIRO
5851831,PROCEM CENTRO DE ESPECIALIDADES MEDICAS,NITEROI,11,0,RIO DE JANEIRO
0012521,SES RJ HOSPITAL ESTADUAL AZEVEDO LIMA,NITEROI,7,0,RIO DE JANEIRO
2798662,HGNI HOSPITAL GERAL DE NOVA IGUACU,NOVA IGUACU,30,25,RIO DE JANEIRO
7454007,NEOVIDA NOVA IGUACU,NOVA IGUACU,28,0,RIO DE JANEIRO
2275562,HOSPITAL ALCIDES CARNEIRO,PETROPOLIS,10,10,RIO DE JANEIRO
2288907,APMIR,RESENDE,10,10,RIO DE JANEIRO
2299216,HOSPITAL SAMER SERVICO DE ASSISTENCIA MEDICA DE RESENDE,RESENDE,6,0,RIO DE JANEIRO
5042062,NEOVIDA RESENDE,RESENDE,10,0,RIO DE JANEIRO
4042859,UTI INFANTIL DO MEDIO PARAIBA,RESENDE,9,0,RIO DE JANEIRO
3058336,CLINICA SANTA BARBARA,RIO DE JANEIRO,6,0,RIO DE JANEIRO
3521133,HOSPITAL CEMERU,RIO DE JANEIRO,10,0,RIO DE JANEIRO
6427138,HOSPITAL DE CLINICAS SAO MATHEUS,RIO DE JANEIRO,12,0,RIO DE JANEIRO
2295415,HOSPITAL UNIVERSITARIO GAFFREE E GUINLE,RIO DE JANEIRO,12,6,RIO DE JANEIRO
2708353,IFF FIOCRUZ,RIO DE JANEIRO,8,8,RIO DE JANEIRO
2270021,MATERNIDADE ESCOLA DA UFRJ,RIO DE JANEIRO,16,16,RIO DE JANEIRO
4228391,MATERNIDADE PERINATAL BARRA,RIO DE JANEIRO,52,0,RIO DE JANEIRO
6159397,PERINATAL BARRA CASA DE SAUDE LARANJEIRAS,RIO DE JANEIRO,52,0,RIO DE JANEIRO
2814188,PERINATAL LARANJEIRAS CASA DE SAUDE LARANJEIRAS,RIO DE JANEIRO,8,0,RIO DE JANEIRO
7185081,SES RJ HOSPITAL ESTADUAL TRANSPLANTE CANCER E CIR INFANTIL,RIO DE JANEIRO,16,16,RIO DE JANEIRO
2298120,SMS HOSPITAL MUNICIPAL ALBERT SCHWEITZER AP 51,RIO DE JANEIRO,11,0,RIO DE JANEIRO
2270609,SMS HOSPITAL MUNICIPAL LOURENCO JORGE AP 4 0,RIO DE JANEIRO,10,10,RIO DE JANEIRO
2270269,SMS HOSPITAL MUNICIPAL MIGUEL COUTO AP 21,RIO DE JANEIRO,4,4,RIO DE JANEIRO
6995462,SMS HOSPITAL MUNICIPAL PEDRO II AP 53,RIO DE JANEIRO,10,10,RIO DE JANEIRO
2295407,SMS HOSPITAL MUNICIPAL ROCHA FARIA AP 52,RIO DE JANEIRO,20,0,RIO DE JANEIRO
2269945,SMS MATERNIDADE ALEXANDER FLEMING AP 33,RIO DE JANEIRO,10,10,RIO DE JANEIRO
2280248,SMS MATERNIDADE CARMELA DUTRA AP 32,RIO DE JANEIRO,14,14,RIO DE JANEIRO
7041624,SMS MATERNIDADE DA MULHER MARISKA RIBEIRO AP 51,RIO DE JANEIRO,10,10,RIO DE JANEIRO
2270714,SMS MATERNIDADE FERNANDO MAGALHAES AP 10,RIO DE JANEIRO,18,18,RIO DE JANEIRO
2270390,SMS MATERNIDADE HERCULANO PINHEIRO AP 33,RIO DE JANEIRO,4,4,RIO DE JANEIRO
7027397,SMS MATERNIDADE MARIA AMELIA BUARQUE DE HOLLANDA AP 10,RIO DE JANEIRO,13,12,RIO DE JANEIRO
3008533,UNIDADE NEONATAL LAGOA,RIO DE JANEIRO,19,0,RIO DE JANEIRO
6411770,UNIDADE NEONATAL LAGOA BARRA,RIO DE JANEIRO,12,0,RIO DE JANEIRO
0715174,NOTREDRAME INTERMEDICA SAUDE S A,SAO GONCALO,8,0,RIO DE JANEIRO
6518893,SES RJ HOSPITAL DA MULHER HELONEIDA STUDART,SAO JOAO DE MERITI,20,20,RIO DE JANEIRO
7529384,SES RJ HOSPITAL ESTADUAL DOS LAGOS NOSSA SENHORA DE NAZARETH,SAQUAREMA,13,0,RIO DE JANEIRO
2297795,HOSPITAL DAS CLINICAS DE TERESOPOLIS,TERESOPOLIS,10,0,RIO DE JANEIRO
2292912,HOSPITAL ESCOLA LUIZ GIOSEFFI JANNUZZI,VALENCA,10,10,RIO DE JANEIRO
7938861,CIS CENTRO INTEGRADO DE SAUDE,VASSOURAS,8,0,RIO DE JANEIRO
2273748,HUV HOSPITAL UNIVERSITARIO DE VASSOURAS,VASSOURAS,10,10,RIO DE JANEIRO
0025186,HINJA,VOLTA REDONDA,8,0,RIO DE JANEIRO
0025135,HOSPITAL MUNICIPAL SAO JOAO BATISTA,VOLTA REDONDA,10,10,RIO DE JANEIRO
0026050,HOSPITAL SANTA CECILIA,VOLTA REDONDA,5,0,RIO DE JANEIRO
6635148,HOSPITAL UNIMED,VOLTA REDONDA,6,0,RIO DE JANEIRO
7052987,INOVA MEDIC,VOLTA REDONDA,16,0,RIO DE JANEIRO
6255981,NEOVIDA,VOLTA REDONDA,11,0,RIO DE JANEIRO
2476487,HOSPITAL DR MARIANO COELHO,CURRAIS NOVOS,10,0,RIO GRANDE DO NORTE
2410281,HOSPITAL MATERNIDADE ALMEIDA CASTRO,MOSSORO,17,17,RIO GRANDE DO NORTE
4093577,HOSPITAL REGIONAL DA MULHER PARTEIRA MARIA CORREIA,MOSSORO,10,0,RIO GRANDE DO NORTE
2679469,HOSPITAL CENTRAL CORONEL PEDRO GERMANO,NATAL,10,6,RIO GRANDE DO NORTE
2408570,HOSPITAL DR JOSE PEDRO BEZERRA,NATAL,20,20,RIO GRANDE DO NORTE
2409151,HOSPITAL INFANTIL VARELA SANTIAGO,NATAL,10,10,RIO GRANDE DO NORTE
2654261,HOSPITAL MARIA ALICE FERNANDES,NATAL,20,5,RIO GRANDE DO NORTE
2656930,HOSPITAL RIO GRANDE,NATAL,10,0,RIO GRANDE DO NORTE
2380463,INCOR NATAL,NATAL,3,3,RIO GRANDE DO NORTE
2409208,MATERNIDADE ESCOLA JANUARIO CICCO,NATAL,20,20,RIO GRANDE DO NORTE
2473380,HOSPITAL MATERNIDADE DO DIVINO AMOR,PARNAMIRIM,10,10,RIO GRANDE DO NORTE
4014111,HOSPITAL UNIVERSITARIO ANA BEZERRA,SANTA CRUZ,5,0,RIO GRANDE DO NORTE
2560089,HOSPITAL REGIONAL MONSENHOR ANTONIO BARROS,SAO JOSE DE MIPIBU,10,0,RIO GRANDE DO NORTE
2515598,CLINICAS MASTERPLASTICA MONTE SINAI,ARIQUEMES,8,0,RONDONIA
2820293,HOSPITAL SAMAR JIPA,JI-PARANA,12,0,RONDONIA
7808488,UNIDADE MATERNO INFANTIL HCR,JI-PARANA,8,0,RONDONIA
2516276,HOSPITAL SAO LUCAS DE OURO PRETO,OURO PRETO DO OESTE,18,0,RONDONIA
4001303,HOSPITAL DE BASE PORTO VELHO,PORTO VELHO,26,26,RONDONIA
2515369,HOSPITAL SAMAR,PORTO VELHO,20,5,RONDONIA
2566168,HOSPITAL MATERNO INFANTIL N SRA DE NAZARETH,BOA VISTA,25,23,RORAIMA
2248328,SANTA CASA DE ALEGRETE,ALEGRETE,10,10,RIO GRANDE DO SUL
2232081,HOSPITAL ALVORADA,ALVORADA,10,10,RIO GRANDE DO SUL
2261987,SANTA CASA DE CARIDADE DE BAGE,BAGE,10,8,RIO GRANDE DO SUL
2241021,HOSPITAL TACCHINI,BENTO GONCALVES,10,7,RIO GRANDE DO SUL
2266474,HOSPITAL DE CARIDADE E BENEFICENCIA,CACHOEIRA DO SUL,10,7,RIO GRANDE DO SUL
2232103,HOSPITAL PADRE JEREMIAS,CACHOEIRINHA,10,10,RIO GRANDE DO SUL
2223538,HOSPITAL GERAL,CAXIAS DO SUL,10,10,RIO GRANDE DO SUL
2223546,HOSPITAL POMPEIA,CAXIAS DO SUL,10,8,RIO GRANDE DO SUL
2707918,FUNDACAO HOSPITALAR SANTA TEREZINHA DE ERECHIM,ERECHIM,10,10,RIO GRANDE DO SUL
2249472,HOSPITAL DE CARIDADE DE ERECHIM,ERECHIM,6,0,RIO GRANDE DO SUL
2232030,FUNDACAO DE SAUDE PUBLICA SAO CAMILO DE ESTEIO,ESTEIO,5,5,RIO GRANDE DO SUL
2252260,HOSPITAL ESTRELA,ESTRELA,10,7,RIO GRANDE DO SUL
3506959,HOPSITAL UNIMED,IJUI,6,0,RIO GRANDE DO SUL
2261057,HOSPITAL DE CLINICAS IJUI,IJUI,10,8,RIO GRANDE DO SUL
2252287,HOSPITAL BRUNO BORN,LAJEADO,10,7,RIO GRANDE DO SUL
2232146,FUNDACAO DE SAUDE PUBLICA DE NOVO HAMBURGO FSNH,NOVO HAMBURGO,10,10,RIO GRANDE DO SUL
2232057,HOSPITAL REGINA NOVO HAMBURGO,NOVO HAMBURGO,12,0,RIO GRANDE DO SUL
3213943,HOSPITAL UNIMED VALE DO SINOS TORRE I,NOVO HAMBURGO,8,0,RIO GRANDE DO SUL
2246929,HOSPITAL DE CLINICAS,PASSO FUNDO,10,8,RIO GRANDE DO SUL
2246988,HOSPITAL SAO VICENTE DE PAULO,PASSO FUNDO,20,18,RIO GRANDE DO SUL
2252694,HOSPITAL ESCOLA DA UFPEL,PELOTAS,9,9,RIO GRANDE DO SUL
2253046,UCPEL HOSPITAL UNIVERSITARIO SAO FRANCISCO DE PAULA,PELOTAS,10,8,RIO GRANDE DO SUL
2237598,HOSPITAL DIVINA PROVIDENCIA,PORTO ALEGRE,8,0,RIO GRANDE DO SUL
2237822,HOSPITAL MATERNO INFANTIL PRESIDENTE VARGAS,PORTO ALEGRE,20,10,RIO GRANDE DO SUL
2237571,HOSPITAL NOSSA SENHORA DA CONCEICAO SA,PORTO ALEGRE,30,30,RIO GRANDE DO SUL
2707675,HOSPITAL UNIVERSITARIO DR MIGUEL RIET CORREA JR,RIO GRANDE,10,10,RIO GRANDE DO SUL
2254964,HOSPITAL SANTA CRUZ,SANTA CRUZ DO SUL,8,7,RIO GRANDE DO SUL
2244276,HOSPITAL DE CARIDADE ASTROGILDO DE AZEVEDO,SANTA MARIA,10,0,RIO GRANDE DO SUL
2244306,HOSPITAL UNIVERSITARIO SANTA MARIA,SANTA MARIA,10,10,RIO GRANDE DO SUL
2254611,HOSPITAL VIDA SAUDE,SANTA ROSA,10,8,RIO GRANDE DO SUL
2259907,HOSPITAL SANTO ANGELO,SANTO ANGELO,10,8,RIO GRANDE DO SUL
2232022,HOSPITAL CENTENARIO,SAO LEOPOLDO,10,10,RIO GRANDE DO SUL
2232154,HOSPITAL SAPIRANGA,SAPIRANGA,10,6,RIO GRANDE DO SUL
2793008,HOSPITAL TRAMANDAI,TRAMANDAI,10,9,RIO GRANDE DO SUL
2248190,SANTA CASA DE URUGUAIANA,URUGUAIANA,8,8,RIO GRANDE DO SUL
2691515,HOSPITAL REGIONAL DEPUTADO AFFONSO GHIZZO,ARARANGUA,18,10,SANTA CATARINA
6854729,HOSPITAL MUNICIPAL RUTH CARDOSO,BALNEARIO CAMBORIU,6,6,SANTA CATARINA
7486596,HOSPITAL REGIONAL DE BIGUACU HELMUTH NASS,BIGUACU,10,0,SANTA CATARINA
2558254,HOSPITAL SANTO ANTONIO,BLUMENAU,10,10,SANTA CATARINA
2522411,HOSPITAL AZAMBUJA,BRUSQUE,10,10,SANTA CATARINA
9543856,IMIGRANTES HOSPITAL E MATERNIDADE,BRUSQUE,15,0,SANTA CATARINA
2537788,HOSPITAL REGIONAL DO OESTE,CHAPECO,10,10,SANTA CATARINA
2537397,HOSPITAL UNIMED CHAPECO,CHAPECO,10,0,SANTA CATARINA
2303892,HOSPITAL SAO FRANCISCO,CONCORDIA,6,6,SANTA CATARINA
2594277,HOSPITAL MATERNO INFANTIL SANTA CATARINA,CRICIUMA,20,20,SANTA CATARINA
2302101,HOSPITAL HELIO ANJOS ORTIZ,CURITIBANOS,12,7,SANTA CATARINA
3157245,HOSPITAL UNIV PROFESSOR POLYDORO ERNANI DE SAO THIAGO,FLORIANOPOLIS,8,8,SANTA CATARINA
0019283,MATERNIDADE CARMELA DUTRA,FLORIANOPOLIS,10,10,SANTA CATARINA
2522691,HOSPITAL E MATERNIDADE MARIETA KONDER BORNHAUSEN,ITAJAI,12,10,SANTA CATARINA
2306344,HOSPITAL JARAGUA,JARAGUA DO SUL,10,6,SANTA CATARINA
6048692,HOSPITAL INFANTIL DR JESER AMARANTE FARIA,JOINVILLE,20,20,SANTA CATARINA
2436477,MATERNIDADE DARCY VARGAS,JOINVILLE,10,10,SANTA CATARINA
2504332,HOSPITAL E MATERNIDADE TEREZA RAMOS,LAGES,12,6,SANTA CATARINA
2662914,HOSPITAL SEARA DO BEM MATERNO E INFANTIL,LAGES,3,3,SANTA CATARINA
2379341,MATERNIDADE DONA CATARINA KUSS,MAFRA,9,9,SANTA CATARINA
2568713,HOSPITAL REGIONAL ALTO VALE,RIO DO SUL,8,8,SANTA CATARINA
2555646,HOSPITAL REGIONAL DE SAO JOSE DRHOMERO MIRANDA GOMES,SAO JOSE,11,10,SANTA CATARINA
2537192,HOSPITAL E MATERNIDADE OASE,TIMBO,10,8,SANTA CATARINA
2411393,HOSPITAL REGIONAL SAO PAULO ASSEC,XANXERE,11,10,SANTA CATARINA
0002593,CLINICA SANTA HELENA SUISSA,ARACAJU,7,0,SERGIPE
2058790,HOSPITAL MUNICIPAL DR WALDEMAR TEBALDI,AMERICANA,5,5,SAO PAULO
2082179,HOSPITAL SAO FRANCISCO DE AMERICANA,AMERICANA,8,2,SAO PAULO
2078775,SANTA CASA DE ARACATUBA HOSPITAL SAGRADO CORACAO DE JESUS,ARACATUBA,17,17,SAO PAULO
7564902,HOSPITAL SAO FRANCISCO ARARAQUARA,ARARAQUARA,3,0,SAO PAULO
6943284,MATERNIDADE GOTA DE LEITE DE ARARAQUARA,ARARAQUARA,8,7,SAO PAULO
2083094,HOSPITAL REGIONAL DE ASSIS,ASSIS,9,9,SAO PAULO
0837164,HOSPITAL VILLAGE,BARRETOS,5,0,SAO PAULO
6095666,HOSPITAL MUNICIPAL DE BARUERI DR FRANCISCO MORAN,BARUERI,11,11,SAO PAULO
3003361,HOSPITAL BENEFICENCIA PORTUGUESA DE BAURU,BAURU,7,0,SAO PAULO
2790661,HOSPITAL UNIMED DE BAURU,BAURU,7,0,SAO PAULO
2790580,MATERNIDADE SANTA ISABEL,BAURU,17,17,SAO PAULO
2688433,COMPLEXO HOSPITALAR SANTA CASA BRAGANCA PAULISTA,BRAGANCA PAULISTA,4,0,SAO PAULO
2704900,HOSPITAL UNIVERSITARIO SAO FRANCISCO NA PROV DE DEUS,BRAGANCA PAULISTA,7,7,SAO PAULO
7580770,HOSPITAL ESTADUAL DE CAIEIRAS,CAIEIRAS,6,6,SAO PAULO
2082128,HOSPITAL E MATERNIDADE CELSO PIERRO,CAMPINAS,15,12,SAO PAULO
2081938,HOSPITAL SANTA TEREZA,CAMPINAS,3,0,SAO PAULO
2022621,MATERNIDADE DE CAMPINAS,CAMPINAS,30,22,SAO PAULO
2082926,CASA DE SAUDE STELLA MARIS,CARAGUATATUBA,10,10,SAO PAULO
2792168,HOSPITAL GERAL DE CARAPICUIBA,CARAPICUIBA,13,13,SAO PAULO
2070413,UNIMED HOSPITAL SAO DOMINGOS,CATANDUVA,7,0,SAO PAULO
2792141,HOSPITAL REGIONAL DE COTIA,COTIA,6,6,SAO PAULO
2078473,HOSPITAL DR LUIZ CAMARGO DA FONSECA E SILVA,CUBATAO,6,6,SAO PAULO
2084163,HOSPITAL ESTADUAL DE DIADEMA HOSPITAL SERRARIA,DIADEMA,10,10,SAO PAULO
2080028,HOSPITAL MUNICIPAL DE DIADEMA HMD,DIADEMA,7,7,SAO PAULO
2080079,HOSPITAL DR OSIRIS FLORINDO COELHO,FERRAZ DE VASCONCELOS,20,10,SAO PAULO
2705982,SANTA CASA DE FRANCA,FRANCA,13,13,SAO PAULO
2081644,HOSPITAL FREI GALVAO,GUARATINGUETA,10,6,SAO PAULO
2081512,SANTA CASA DE MISERICORDIA DE GUARATINGUETA,GUARATINGUETA,7,0,SAO PAULO
9373306,HOSPITAL CASA DE SAUDE DO GUARUJA,GUARUJA,3,0,SAO PAULO
2754843,HOSPITAL SANTO AMARO,GUARUJA,6,6,SAO PAULO
9255826,HOSPITAL E MATERNIDADE GUARULHOS,GUARULHOS,10,0,SAO PAULO
2080338,HOSPITAL GERAL DE GUARULHOS PROF DR WALDEMAR DE CARVALHO,GUARULHOS,12,12,SAO PAULO
2040069,HOSPITAL MATERNIDADE JESUS JOSE E MARIA,GUARULHOS,16,16,SAO PAULO
5200105,HOSPITAL MUNICIPAL PIMENTAS BONSUCESSO MANUEL DE PAIVA,GUARULHOS,5,5,SAO PAULO
2784602,HOSPITAL AUGUSTO DE OLIVEIRA CAMARGO,INDAIATUBA,10,6,SAO PAULO
2087804,HOSPITAL REGIONAL JORGE ROSSMANN DE ITANHAEM,ITANHAEM,7,7,SAO PAULO
2792176,HOSPITAL GERAL DE ITAPECERICA DA SERRA,ITAPECERICA DA SERRA,10,10,SAO PAULO
2027186,SANTA CASA DE MISERICORDIA DE ITAPEVA,ITAPEVA,10,10,SAO PAULO
2078104,HOSPITAL GERAL DE ITAPEVI,ITAPEVI,10,10,SAO PAULO
2078562,HOSPITAL GERAL DE ITAQUAQUECETUBA,ITAQUAQUECETUBA,10,10,SAO PAULO
2023709,SANTA CASA DE MISERICORDIA DE ITATIBA,ITATIBA,6,3,SAO PAULO
2092298,SANTA CASA DE ITU,ITU,16,16,SAO PAULO
2085194,HOSPITAL SAO FRANCISCO DE ASSIS,JACAREI,17,8,SAO PAULO
2079895,SANTA CASA DE MISERICORDIA DE JALES,JALES,5,4,SAO PAULO
2791722,SANTA CASA DE JAU,JAU,7,5,SAO PAULO
2078767,HOSPITAL PITANGUEIRAS,JUNDIAI,10,0,SAO PAULO
2078759,HOSPITAL SANTA ELISA,JUNDIAI,5,0,SAO PAULO
3012212,HU HOSPITAL UNIVERSITARIO,JUNDIAI,10,10,SAO PAULO
2078066,INTERMEDICA HPS HOSPITAL PAULO SACRAMENTO,JUNDIAI,2,0,SAO PAULO
2024632,HOSPITAL UNIMED LIMEIRA,LIMEIRA,6,0,SAO PAULO
2081458,SANTA CASA DE LIMEIRA,LIMEIRA,10,8,SAO PAULO
2758245,SANTA CASA DE LINS,LINS,9,6,SAO PAULO
2087111,IRMANDADE DA SANTA CASA DE MISERICORDIA LORENA,LORENA,10,7,SAO PAULO
2025507,HOSPITAL DAS CLINICAS HCFAMEMA,MARILIA,8,8,SAO PAULO
5860490,HOSPITAL UNIVERSITARIO DE MARILIA,MARILIA,10,4,SAO PAULO
2083116,SANTA CASA DE MARILIA,MARILIA,4,3,SAO PAULO
2082349,HOSPITAL DE CLINICAS DR RADAMES NARDINI,MAUA,10,10,SAO PAULO
2690764,HOSPITAL E MATERNIDADE BRASIL UNIDADE MAUA,MAUA,6,0,SAO PAULO
2080052,HOSPITAL NOSSA SENHORA APARECIDA,MOGI DAS CRUZES,10,9,SAO PAULO
2096463,SANTA CASA DE MOGI GUACU,MOGI GUACU,8,5,SAO PAULO
2088193,IRMANDADE DA STA CASA DE MISERICORD DE MOGI MIRIM MOGI MIRIM,MOJI MIRIM,6,4,SAO PAULO
0008036,HOSPITAL MATERNIDADE AMADOR AGUIAR,OSASCO,18,18,SAO PAULO
5101654,HOSPITAL SINO BRASILEIRO,OSASCO,18,0,SAO PAULO
4049020,SANTA CASA DE OURINHOS,OURINHOS,3,3,SAO PAULO
2077434,HOSPITAL DR LEOPOLDO BEVILACQUA,PARIQUERA-ACU,7,7,SAO PAULO
2755092,SANTA CASA DE PINDAMONHANGABA,PINDAMONHANGABA,10,10,SAO PAULO
2716097,COMPLEXO HOSPITALAR IRMA DULCE O S S,PRAIA GRANDE,10,10,SAO PAULO
4123077,IGESP SA CENTRO MEDICO E CIRURGICO INST GASTROENT DE SP,PRAIA GRANDE,10,0,SAO PAULO
2755130,HOSPITAL DOMINGOS LEONARDO CERAVOLO PRESIDENTE PRUDENTE,PRESIDENTE PRUDENTE,10,10,SAO PAULO
2750511,HOSPITAL ESTADUAL DR ODILO ANTUNES DE SIQUEIRA P PRUDENTE,PRESIDENTE PRUDENTE,13,4,SAO PAULO
2080532,SANTA CASA HOSP DR ARISTOTELES OLIVEIRA MARTINS PRES PRUDENT,PRESIDENTE PRUDENTE,4,0,SAO PAULO
2081032,HOSPITAL UNIMED DE RIO CLARO,RIO CLARO,6,0,SAO PAULO
2082888,SANTA CASA DE RIO CLARO,RIO CLARO,6,5,SAO PAULO
2084058,SANTA CASA MISER STACRUZ RIO PARDO,SANTA CRUZ DO RIO PARDO,10,10,SAO PAULO
6020917,HOSPITAL DA MULHER MARIA JOSE DOS SANTOS STEIN,SANTO ANDRE,24,24,SAO PAULO
2080273,HOSPITAL ESTADUAL MARIO COVAS DE SANTO ANDRE,SANTO ANDRE,10,10,SAO PAULO
2079720,HOSPITAL GUILHERME ALVARO SANTOS,SANTOS,8,8,SAO PAULO
2698463,SECAO HOSPITAL E MATERNIDADE MUNICIPAL DR SILVERIO FONTES,SANTOS,10,5,SAO PAULO
2082594,COMPLEXO HOSPITALAR MUNICIPAL,SAO CAETANO DO SUL,9,9,SAO PAULO
2083299,HOSPITAL UNIMED SAO CARLOS,SAO CARLOS,8,0,SAO PAULO
2080931,SANTA CASA DE SAO CARLOS,SAO CARLOS,5,5,SAO PAULO
2097117,HOSPITAL AUSTA SAO JOSE DO RIO PRETO,SAO JOSE DO RIO PRETO,4,0,SAO PAULO
2097613,HOSPITAL INFANTE D HENRIQUE,SAO JOSE DO RIO PRETO,5,0,SAO PAULO
2798298,SANTA CASA DE MISERICORDIA DE SAO JOSE DO RIO PRETO,SAO JOSE DO RIO PRETO,10,9,SAO PAULO
0009539,HOSPITAL MATERNO INFANTIL ANTONINHO DA ROCHA MARMO,SAO JOSE DOS CAMPOS,9,0,SAO PAULO
0009628,HOSPITAL MUNICIPAL DR JOSE DE CARVALHO FLORENCE,SAO JOSE DOS CAMPOS,10,10,SAO PAULO
2748029,SANTA CASA DE SAO JOSE CAMPOS,SAO JOSE DOS CAMPOS,20,12,SAO PAULO
2752077,HOSP DO SERV PUB MUNICIPAL HSPM,SAO PAULO,4,4,SAO PAULO
5420938,HOSP MUN CARMEN PRUDENTE,SAO PAULO,10,10,SAO PAULO
2080346,HOSP MUN DR CARMINO CARICCHIO,SAO PAULO,10,6,SAO PAULO
2084473,HOSP MUN DR IGNACIO PROENCA DE GOUVEA,SAO PAULO,8,4,SAO PAULO
2786680,HOSP MUN FERNANDO MAURO PIRES DA ROCHA,SAO PAULO,12,10,SAO PAULO
2081970,HOSP MUN JABAQUARA ARTUR RIBEIRO DE SABOYA,SAO PAULO,4,4,SAO PAULO
9465464,HOSP MUN JOSANIAS CASTANHA BRAGA,SAO PAULO,10,0,SAO PAULO
5718368,HOSP MUN M BOI MIRIM,SAO PAULO,10,10,SAO PAULO
2079186,HOSP MUN MAT ESC DR MARIO DE MORAES A SILVA,SAO PAULO,30,30,SAO PAULO
2075717,HOSP MUN MATERNIDADE PROFESSOR MARIO DEGNI,SAO PAULO,8,5,SAO PAULO
2077639,HOSP MUN PROF DR WALDOMIRO DE PAULA,SAO PAULO,10,6,SAO PAULO
2082829,HOSP MUN PROFESSOR DOUTOR ALIPIO CORREA NETTO,SAO PAULO,10,8,SAO PAULO
2080583,HOSP MUN TIDE SETUBAL,SAO PAULO,5,5,SAO PAULO
3212130,HOSP MUN VER JOSE STOROPOLLI,SAO PAULO,5,5,SAO PAULO
2077388,HOSPITAL AMPARO MATERNAL,SAO PAULO,10,10,SAO PAULO
2081288,HOSPITAL DO CORACAO,SAO PAULO,4,0,SAO PAULO
2077701,HOSPITAL E MATERNIDADE LEONOR MENDES DE BARROS SAO PAULO,SAO PAULO,14,14,SAO PAULO
9554157,HOSPITAL E MATERNIDADE SALVALUS,SAO PAULO,5,0,SAO PAULO
9488227,HOSPITAL E MATERNIDADE SANTA MARIA,SAO PAULO,8,0,SAO PAULO
2091585,HOSPITAL ESTADUAL DE SAPOPEMBA SAO PAULO,SAO PAULO,10,10,SAO PAULO
2077426,HOSPITAL ESTADUAL DE VILA ALPINA ORG SOCIAL SECONCI SAO PAUL,SAO PAULO,11,11,SAO PAULO
2077493,HOSPITAL GERAL DE SAO MATEUS SAO PAULO,SAO PAULO,10,10,SAO PAULO
2091755,HOSPITAL GERAL DE VILA PENTEADO DR JOSE PANGELLA SAO PAULO,SAO PAULO,4,4,SAO PAULO
2077671,HOSPITAL GERAL DO GRAJAU PROF LIBER JOHN ALPHONSE DI DIO SP,SAO PAULO,11,6,SAO PAULO
2079240,HOSPITAL GERAL JESUS TEIXEIRA DA COSTA GUAIANASES SAO PAULO,SAO PAULO,8,8,SAO PAULO
2077620,HOSPITAL GERAL SANTA MARCELINA DE ITAIM PAULISTA SAO PAULO,SAO PAULO,16,16,SAO PAULO
2082225,HOSPITAL KATIA DE SOUZA RODRIGUES TAIPAS SAO PAULO,SAO PAULO,6,6,SAO PAULO
2065665,HOSPITAL MATERNIDADE INTERLAGOS,SAO PAULO,10,10,SAO PAULO
2091313,HOSPITAL REGIONAL SUL SAO PAULO,SAO PAULO,10,10,SAO PAULO
2076896,HOSPITAL SAO LUIZ GONZAGA,SAO PAULO,10,0,SAO PAULO
2089602,HOSPITAL SEPACO,SAO PAULO,30,0,SAO PAULO
3027805,HSANP HOSPITAL,SAO PAULO,10,0,SAO PAULO
3027813,MASTER CLIN,SAO PAULO,10,0,SAO PAULO
3037274,PRO MATRE PAULISTA,SAO PAULO,63,0,SAO PAULO
2077523,UNIDADE DE GESTAO ASSISTENCIAL II HOSPITAL IPIRANGA SP,SAO PAULO,10,10,SAO PAULO
5237750,HOSPITAL UNIMED SAO ROQUE,SAO ROQUE,5,0,SAO PAULO
6966594,HOSPITAL E MATERNIDADE MUNICIPAL DE SAO VICENTE,SAO VICENTE,7,0,SAO PAULO
2084171,HOSPITAL E MATERNIDADE SAO JOSE,SERTAOZINHO,7,6,SAO PAULO
9491112,HOSPITAL REGIONAL DE SOROCABA,SOROCABA,10,0,SAO PAULO
2765942,HOSPITAL SANTA LUCINDA SOROCABA,SOROCABA,10,4,SAO PAULO
2708566,HOSPITAL UNIMED DE SOROCABA DR MIGUEL VILLA NOVA SOEIRO,SOROCABA,7,0,SAO PAULO
2708779,SANTA CASA DE SOROCABA,SOROCABA,6,6,SAO PAULO
2079860,SANTA CASA DE SUZANO,SUZANO,10,10,SAO PAULO
2079828,HOSPITAL GERAL PIRAJUSSARA TABOAO DA SERRA,TABOAO DA SERRA,10,10,SAO PAULO
2078295,SANTA CASA DE TAQUARITINGA,TAQUARITINGA,4,4,SAO PAULO
7368704,HOSPITAL UNIMED TATUI JOSE FCO M DE ALMEIDA DR KIKO,TATUI,3,0,SAO PAULO
2749319,HOSPITAL MUNICIPAL UNIVERSITARIO DE TAUBATE,TAUBATE,10,10,SAO PAULO
2080664,SANTA CASA DE TUPA,TUPA,2,2,SAO PAULO
5515483,HOSPITAL E MATERNIDADE GALILEO,VALINHOS,10,0,SAO PAULO
2081377,SANTA CASA DE VOTUPORANGA,VOTUPORANGA,10,7,SAO PAULO
2755165,HOSPITAL DOM ORIONE DE ARAGUAINA,ARAGUAINA,20,18,TOCANTINS
2792478,HOSPITAL E MATERNIDADE CRISTO REI PALMAS,PALMAS,10,0,TOCANTINS
2755157,HOSPITAL E MATERNIDADE D REGINA S CAMPOS DE PALMAS,PALMAS,20,20,TOCANTINS
7373120,HOSPITAL PALMAS MEDICAL HPM,PALMAS,6,0,TOCANTINS
